jpg_id,toy,coordinates
34,Unknown,"(0.0, 0.895628, 0.16083, 1.0)"
38,Unknown,"(0.7477809999999999, 0.818182, 1.0, 0.9786100000000001)"
60,DentalStar,"(0.6565219999999999, 0.727354, 0.947826, 0.8258800000000001)"
80,Dumbbell,"(0.321212, 0.748602, 1.0, 1.0)"
163,Grenade,"(0.40405599999999997, 0.365112, 0.528861, 0.6132000000000001)"
163,Grenade,"(0.177847, 0.161492, 0.312012, 0.327664)"
164,Grenade,"(0.212168, 0.187237, 0.34165399999999996, 0.365112)"
164,Grenade,"(0.430577, 0.404899, 0.5538219999999999, 0.6085189999999999)"
165,Grenade,"(0.182527, 0.112342, 0.327613, 0.292557)"
165,Grenade,"(0.338534, 0.500858, 0.46021799999999996, 0.681074)"
166,Grenade,"(0.232449, 0.10064000000000001, 0.38065499999999997, 0.285536)"
166,Grenade,"(0.46645899999999996, 0.318302, 0.588144, 0.51022)"
176,Kong,"(0.27761, 0.512299, 0.49905499999999997, 0.6524059999999999)"
177,Kong,"(0.15084, 0.43957199999999996, 0.41400699999999996, 0.589305)"
178,Kong,"(0.186143, 0.39893, 0.46535699999999997, 0.539037)"
179,Kong,"(0.11072299999999999, 0.768984, 0.364262, 0.9422459999999999)"
180,Kong,"(0.653104, 0.47272699999999995, 0.916272, 0.633155)"
199,Grenade,"(0.8393349999999999, 0.631421, 1.0, 0.7938919999999999)"
216,Kong,"(0.282424, 0.8042779999999999, 0.455729, 0.9101600000000001)"
217,Kong,"(0.308098, 0.8010700000000001, 0.489427, 0.893048)"
218,Kong,"(0.33858699999999997, 0.86738, 0.497451, 0.960428)"
219,Kong,"(0.293656, 0.8598929999999999, 0.45412399999999997, 0.9529409999999999)"
276,Grenade,"(0.728532, 0.816047, 0.9307479999999999, 0.947132)"
342,Grenade,"(0.0, 0.621584, 0.291304, 0.780964)"
352,Unknown,"(0.5100009999999999, 0.959097, 0.895146, 1.0)"
352,LuckyCloverChew,"(0.0, 0.5444289999999999, 0.095228, 0.713681)"
388,MegalastBall,"(0.463043, 0.730252, 0.595652, 0.811391)"
389,MegalastBall,"(0.31521699999999997, 0.8026979999999999, 0.423913, 0.889633)"
392,MegalastBall,"(0.26304299999999997, 0.789658, 0.391304, 0.875143)"
393,MegalastBall,"(0.33913000000000004, 0.795453, 0.454348, 0.8809389999999999)"
394,MegalastBall,"(0.18695699999999998, 0.685336, 0.31521699999999997, 0.7780659999999999)"
410,MegalastBall,"(0.7239129999999999, 0.469448, 0.952174, 0.6331749999999999)"
411,MegalastBall,"(0.819565, 0.6375219999999999, 1.0, 0.7722709999999999)"
413,Grenade,"(0.117391, 0.665051, 0.30652199999999996, 0.753435)"
414,LuckyCloverChew,"(0.25434799999999996, 0.39700199999999997, 0.48478299999999996, 0.517262)"
414,Grenade,"(0.8993789999999999, 0.582511, 1.0, 0.667137)"
415,LuckyCloverChew,"(0.247826, 0.434674, 0.456522, 0.553485)"
415,Grenade,"(0.880435, 0.605646, 1.0, 0.698376)"
416,LuckyCloverChew,"(0.24565199999999998, 0.537547, 0.467391, 0.6491129999999999)"
416,Grenade,"(0.891304, 0.6925800000000001, 1.0, 0.7824129999999999)"
417,Grenade,"(0.8108700000000001, 0.662153, 0.993478, 0.7592300000000001)"
417,LuckyCloverChew,"(0.171739, 0.512915, 0.382609, 0.634624)"
442,DentalStar,"(0.0, 0.853659, 0.10303000000000001, 0.9869589999999999)"
454,DentalStar,"(0.60202, 0.838847, 0.8727269999999999, 0.999077)"
489,Ziggs,"(0.409193, 0.735829, 0.7477809999999999, 0.993583)"
490,Ziggs,"(0.40598399999999996, 0.745455, 0.744571, 0.997861)"
491,Ziggs,"(0.30168, 0.750802, 0.598545, 0.9636359999999999)"
492,BlueFrisbee,"(0.0, 0.0, 0.363984, 0.561354)"
493,BlueFrisbee,"(0.0, 0.0, 0.41054, 0.503526)"
494,BlueFrisbee,"(0.0, 0.0, 0.42958599999999997, 0.503526)"
495,BlueFrisbee,"(0.0, 0.0, 0.433818, 0.511989)"
496,BlueFrisbee,"(0.0, 0.0, 0.252918, 0.8493539999999999)"
497,BlueFrisbee,"(0.0, 0.0, 0.27821, 0.931079)"
498,BlueFrisbee,"(0.0, 0.0, 0.317121, 0.8960539999999999)"
499,BlueFrisbee,"(0.0, 0.0, 0.306847, 0.464034)"
505,BlueFrisbee,"(0.474025, 0.09591000000000001, 1.0, 0.9830749999999999)"
506,BlueFrisbee,"(0.702573, 0.221439, 1.0, 0.87165)"
507,BlueFrisbee,"(0.645436, 0.143865, 1.0, 0.77292)"
508,BlueFrisbee,"(0.6285069999999999, 0.087447, 1.0, 0.7179129999999999)"
509,BlueFrisbee,"(0.653901, 0.204513, 1.0, 0.8222849999999999)"
510,BlueFrisbee,"(0.723735, 0.17912599999999998, 1.0, 0.8067700000000001)"
511,BlueFrisbee,"(0.683528, 0.094499, 1.0, 0.7813819999999999)"
527,Dumbbell,"(0.808696, 0.8026979999999999, 1.0, 1.0)"
528,Dumbbell,"(0.669565, 0.808493, 1.0, 1.0)"
529,Dumbbell,"(0.658696, 0.776617, 1.0, 1.0)"
592,Kong,"(0.6522939999999999, 0.832137, 0.765447, 0.988579)"
593,Kong,"(0.6746989999999999, 0.7772300000000001, 0.8, 0.947136)"
596,Kong,"(0.41204799999999997, 0.7066509999999999, 0.5710839999999999, 0.841557)"
598,Kong,"(0.696386, 0.721105, 0.853012, 0.851193)"
599,Kong,"(0.46988, 0.780528, 0.6987949999999999, 0.899374)"
607,Ziggs,"(0.308434, 0.369386, 0.477108, 0.448081)"
618,Ziggs,"(0.5927709999999999, 0.21520699999999998, 0.780723, 0.313175)"
624,BlueFrisbee,"(0.021162, 0.0, 0.380913, 0.502116)"
625,Unknown,"(0.243361, 0.6473909999999999, 0.399959, 0.751763)"
627,BlueFrisbee,"(0.059253, 0.0, 0.33435699999999996, 0.753173)"
628,BlueFrisbee,"(0.067718, 0.0, 0.39361, 0.7757400000000001)"
629,BlueFrisbee,"(0.82108, 0.07757399999999999, 1.0, 0.6121300000000001)"
629,Unknown,"(0.08888, 0.7334269999999999, 0.298382, 0.8067700000000001)"
630,BlueFrisbee,"(0.751246, 0.141044, 1.0, 0.695346)"
630,Unknown,"(0.0, 0.778561, 0.135436, 0.87165)"
631,BlueFrisbee,"(0.5988800000000001, 0.0, 1.0, 0.530324)"
632,BlueFrisbee,"(0.6285069999999999, 0.0, 1.0, 0.5980249999999999)"
657,BlueFrisbee,"(0.0, 0.263752, 0.241245, 0.9957689999999999)"
658,BlueFrisbee,"(0.0, 0.080395, 0.308963, 0.789845)"
708,Kong,"(0.617234, 0.722598, 0.7955909999999999, 0.8414729999999999)"
709,Kong,"(0.296593, 0.6170800000000001, 0.492986, 0.729277)"
716,Kong,"(0.17451000000000003, 0.0, 0.352941, 0.08363899999999999)"
723,MegalastBall,"(0.47451000000000004, 0.39597899999999997, 0.527451, 0.43257199999999996)"
737,Kong,"(0.584314, 0.564565, 0.7196079999999999, 0.676955)"
738,Kong,"(0.517647, 0.392059, 0.692157, 0.516211)"
739,Kong,"(0.613725, 0.541041, 0.766667, 0.6599659999999999)"
746,Kong,"(0.082609, 0.31876099999999996, 0.234783, 0.431776)"
747,Kong,"(0.168627, 0.34893199999999996, 0.30392199999999997, 0.456095)"
748,Kong,"(0.2, 0.328023, 0.32549, 0.43126499999999995)"
749,Kong,"(0.85, 0.0, 1.0, 0.091282)"
750,Kong,"(0.7509800000000001, 0.8769049999999999, 0.888235, 0.9814539999999999)"
805,Unknown,"(0.0, 0.923836, 0.084647, 1.0)"
812,Grenade,"(0.808765, 0.104598, 1.0, 0.328737)"
820,Ziggs,"(0.279336, 0.736248, 0.518465, 0.926657)"
832,Ziggs,"(0.854939, 0.8984489999999999, 1.0, 1.0)"
833,Ziggs,"(0.7639429999999999, 0.874471, 1.0, 1.0)"
879,DentalKong,"(0.18221299999999999, 0.8705259999999999, 0.395879, 1.0)"
938,Ziggs,"(0.0, 0.7644569999999999, 0.039848, 0.912553)"
956,Kong,"(0.46087000000000006, 0.273956, 0.586957, 0.469639)"
975,Kong,"(0.08913, 0.59031, 0.41956499999999997, 0.9490609999999999)"
976,Kong,"(0.247826, 0.39136499999999996, 0.46956499999999995, 0.8936179999999999)"
977,Kong,"(0.265217, 0.365274, 0.476087, 0.8675269999999999)"
985,Kong,"(0.22608699999999998, 0.441918, 0.554348, 0.704172)"
986,Kong,"(0.095652, 0.341943, 0.447826, 0.50712)"
991,Grenade,"(0.43805000000000005, 0.7193229999999999, 0.793569, 1.0)"
992,Grenade,"(0.47825799999999996, 0.8378, 0.774524, 1.0)"
993,Ziggs,"(0.876087, 0.635969, 1.0, 0.9881979999999999)"
993,Ziggs,"(0.826087, 0.313092, 1.0, 0.577264)"
994,Ziggs,"(0.413043, 0.7599009999999999, 0.68913, 1.0)"
995,Ziggs,"(0.428261, 0.7794700000000001, 0.676087, 1.0)"
997,Ziggs,"(0.53913, 0.0, 0.8, 0.11741000000000001)"
997,Ziggs,"(0.806522, 0.120671, 1.0, 0.547912)"
998,Ziggs,"(0.5804349999999999, 0.0, 0.8021739999999999, 0.061966)"
998,Ziggs,"(0.8282609999999999, 0.068489, 1.0, 0.459854)"
1008,Ziggs,"(0.923913, 0.749088, 1.0, 0.893979)"
1032,DentalStar,"(0.6956519999999999, 0.6331749999999999, 0.8739129999999999, 0.7056209999999999)"
1044,Ziggs,"(0.396018, 0.71516, 0.590708, 0.878836)"
1045,Ziggs,"(0.43362799999999996, 0.8257519999999999, 0.628319, 0.993852)"
1050,Kong,"(0.5553100000000001, 0.420249, 0.652655, 0.492502)"
1051,Kong,"(0.5995579999999999, 0.6193139999999999, 0.730088, 0.73433)"
1055,Dumbbell,"(0.615217, 0.29268000000000005, 1.0, 0.95918)"
1056,Dumbbell,"(0.178261, 0.294129, 0.9434779999999999, 0.970772)"
1057,Dumbbell,"(0.20652199999999998, 0.24631499999999998, 0.9717389999999999, 0.925855)"
1058,Dumbbell,"(0.143478, 0.297027, 0.928261, 0.970772)"
1059,Dumbbell,"(0.158696, 0.680989, 0.863043, 1.0)"
1060,Dumbbell,"(0.0, 0.528853, 0.736957, 1.0)"
1062,LuckyCloverChew,"(0.0, 0.0, 0.152174, 0.140545)"
1063,LuckyCloverChew,"(0.0, 0.034774, 0.215217, 0.16372699999999998)"
1068,Dumbbell,"(0.10652199999999999, 0.415838, 0.863043, 0.856308)"
1069,Dumbbell,"(0.043477999999999996, 0.369473, 0.806522, 0.8229829999999999)"
1070,Dumbbell,"(0.069565, 0.407145, 0.843478, 0.872246)"
1072,Dumbbell,"(0.095652, 0.42163399999999995, 0.865217, 0.837472)"
1108,LuckyCloverChew,"(0.079646, 0.41435099999999997, 0.243363, 0.505773)"
1109,LuckyCloverChew,"(0.00885, 0.368639, 0.18584099999999998, 0.46890899999999996)"
1110,LuckyCloverChew,"(0.002212, 0.361267, 0.159292, 0.463011)"
1111,LuckyCloverChew,"(0.079646, 0.343572, 0.25, 0.44236699999999995)"
1112,LuckyCloverChew,"(0.061946999999999995, 0.253624, 0.256637, 0.358317)"
1115,LuckyCloverChew,"(0.128319, 0.6930419999999999, 0.356195, 0.778566)"
1116,LuckyCloverChew,"(0.25885, 0.669449, 0.46681399999999995, 0.7520239999999999)"
1371,Ziggs,"(0.713154, 0.009873, 0.9776769999999999, 0.115656)"
1372,Ziggs,"(0.7470129999999999, 0.021157, 0.9819100000000001, 0.125529)"
1468,Ziggs,"(0.9355279999999999, 0.628877, 1.0, 0.749733)"
1468,Ziggs,"(0.715687, 0.9497329999999999, 0.9949009999999999, 1.0)"
1468,Grenade,"(0.641872, 0.727273, 0.7991300000000001, 0.828877)"
1468,DentalKong,"(0.16528199999999998, 0.438503, 0.3771, 0.591444)"
1469,DentalKong,"(0.13800199999999999, 0.427807, 0.343401, 0.5754009999999999)"
1469,Grenade,"(0.608173, 0.7133689999999999, 0.771851, 0.824599)"
1469,Ziggs,"(0.9178769999999999, 0.611765, 1.0, 0.749733)"
1469,Ziggs,"(0.67557, 0.941176, 0.959598, 1.0)"
1534,Grenade,"(0.169565, 0.8534100000000001, 0.32826099999999997, 0.930202)"
1535,Grenade,"(0.136957, 0.8650009999999999, 0.28913, 0.9374469999999999)"
1536,Grenade,"(0.19347799999999998, 0.8548589999999999, 0.356522, 0.938896)"
1540,DentalKong,"(0.747826, 0.833125, 0.9326089999999999, 0.924407)"
1541,DentalKong,"(0.7978259999999999, 0.783862, 0.980435, 0.8852859999999999)"
1543,Grenade,"(0.047826, 0.45351, 0.095652, 0.489733)"
1563,Grenade,"(0.676087, 0.843267, 0.8108700000000001, 0.935998)"
1566,MegalastBall,"(0.0, 0.694029, 0.058696, 0.7824129999999999)"
1567,MegalastBall,"(0.132609, 0.720765, 0.22608699999999998, 0.8577429999999999)"
1568,MegalastBall,"(0.208696, 0.724026, 0.304348, 0.8479589999999999)"
1569,MegalastBall,"(0.26087000000000005, 0.792515, 0.354348, 0.919709)"
1570,MegalastBall,"(0.236957, 0.7501169999999999, 0.330435, 0.883834)"
1571,MegalastBall,"(0.152174, 0.670847, 0.297826, 0.750537)"
1572,MegalastBall,"(0.06739099999999999, 0.6288279999999999, 0.202174, 0.712865)"
1573,MegalastBall,"(0.097826, 0.795453, 0.236957, 0.8809389999999999)"
1574,MegalastBall,"(0.406522, 0.5968319999999999, 0.49130399999999996, 0.7142419999999999)"
1575,MegalastBall,"(0.586957, 0.580525, 0.671739, 0.697935)"
1584,Grenade,"(0.202174, 0.32021000000000005, 0.30869599999999997, 0.37382000000000004)"
1585,Grenade,"(0.234783, 0.0, 0.323913, 0.081534)"
1593,Grenade,"(0.6217389999999999, 0.185461, 0.721739, 0.269498)"
1594,MegalastBall,"(0.947826, 0.5968319999999999, 1.0, 0.737072)"
1594,Zyro,"(0.6608700000000001, 0.580525, 0.7695649999999999, 0.7501169999999999)"
1595,Zyro,"(0.6543479999999999, 0.626185, 0.7565219999999999, 0.7794700000000001)"
1595,MegalastBall,"(0.9456519999999999, 0.642492, 1.0, 0.782731)"
1596,Grenade,"(0.25434799999999996, 0.26515099999999997, 0.404348, 0.33904599999999996)"
1597,Grenade,"(0.271739, 0.283987, 0.404348, 0.34773899999999996)"
1600,Kong,"(0.171739, 0.6172369999999999, 0.282609, 0.6925800000000001)"
1601,Kong,"(0.130435, 0.634624, 0.247826, 0.702723)"
1602,Kong,"(0.27391299999999996, 0.647664, 0.384783, 0.723008)"
1603,Kong,"(0.091304, 0.5926049999999999, 0.204348, 0.667949)"
1604,Kong,"(0.026087, 0.704172, 0.171739, 0.780964)"
1605,DentalStar,"(0.836957, 0.33904599999999996, 0.984783, 0.420185)"
1605,Grenade,"(0.526087, 0.567974, 0.641304, 0.647664)"
1610,Grenade,"(0.6956519999999999, 0.646215, 0.782609, 0.728803)"
1611,Grenade,"(0.671739, 0.780964, 0.7630429999999999, 0.863552)"
1620,Grenade,"(0.630435, 0.582463, 0.734783, 0.667949)"
1628,Kong,"(0.14782599999999999, 0.556383, 0.29565199999999997, 0.67954)"
1629,Kong,"(0.11087000000000001, 0.609992, 0.241304, 0.721559)"
1630,Kong,"(0.223913, 0.676642, 0.31521699999999997, 0.74619)"
1631,Kong,"(0.128261, 0.701274, 0.247826, 0.779515)"
1632,Kong,"(0.204348, 0.672296, 0.302174, 0.7824129999999999)"
1633,Kong,"(0.171739, 0.680989, 0.278261, 0.807045)"
1634,Kong,"(0.115217, 0.624482, 0.184783, 0.696927)"
1635,Kong,"(0.317391, 0.8650009999999999, 0.36739099999999997, 0.9200600000000001)"
1636,Kong,"(0.21087000000000003, 0.9287529999999999, 0.297826, 1.0)"
1672,DentalStar,"(0.029279, 0.506836, 0.155405, 0.64875)"
1673,DentalStar,"(0.0, 0.638613, 0.128378, 0.736602)"
1673,Kong,"(0.948198, 0.641992, 1.0, 0.797422)"
1674,DentalStar,"(0.0, 0.936703, 0.144144, 1.0)"
1675,Kong,"(0.9572069999999999, 0.8041800000000001, 1.0, 0.9258200000000001)"
1675,DentalStar,"(0.051802, 0.733223, 0.173423, 0.844727)"
1676,DentalStar,"(0.103604, 0.723086, 0.231982, 0.827832)"
1677,DentalStar,"(0.09909899999999999, 0.6892969999999999, 0.22747699999999998, 0.7906639999999999)"
1678,DentalStar,"(0.144144, 0.641992, 0.265766, 0.7501169999999999)"
1679,Kong,"(0.8230989999999999, 0.500078, 0.9020469999999999, 0.6294839999999999)"
1680,Kong,"(0.868421, 0.26319899999999996, 0.94152, 0.388219)"
1680,DentalStar,"(0.0, 0.7018639999999999, 0.095029, 0.8005639999999999)"
1681,Kong,"(0.8187129999999999, 0.254426, 0.8888889999999999, 0.36409199999999997)"
1681,DentalStar,"(0.0, 0.708444, 0.078947, 0.8005639999999999)"
1682,Kong,"(0.758772, 0.33557899999999996, 0.8143269999999999, 0.388219)"
1682,DentalStar,"(0.039473999999999995, 0.677738, 0.116959, 0.769857)"
1683,Kong,"(0.723684, 0.7281839999999999, 0.798246, 0.82469)"
1684,Kong,"(0.487822, 0.816043, 0.606569, 0.896257)"
1685,Kong,"(0.606569, 0.7240639999999999, 0.728524, 0.809626)"
1686,Kong,"(0.671053, 0.861977, 0.745614, 0.984803)"
1687,Kong,"(0.890597, 0.7893049999999999, 1.0, 0.8705879999999999)"
1688,DentalStar,"(0.0, 0.824599, 0.040117, 0.86631)"
1689,DentalStar,"(0.7529239999999999, 0.223719, 0.896199, 0.333385)"
1689,Grenade,"(0.204678, 0.296099, 0.25584799999999996, 0.429892)"
1690,Grenade,"(0.217836, 0.23907199999999998, 0.320175, 0.381639)"
1690,DentalStar,"(0.7865500000000001, 0.197399, 0.926901, 0.307066)"
1691,DentalStar,"(0.7923979999999999, 0.280746, 0.940058, 0.39699199999999996)"
1691,Grenade,"(0.219298, 0.322419, 0.324561, 0.480338)"
1692,Grenade,"(0.176901, 0.41015199999999996, 0.289474, 0.5527179999999999)"
1692,DentalStar,"(0.745614, 0.33996499999999996, 0.890351, 0.456212)"
1693,Grenade,"(0.18859599999999999, 0.434278, 0.290936, 0.5790379999999999)"
1693,DentalStar,"(0.7660819999999999, 0.36409199999999997, 0.912281, 0.475952)"
1694,DentalStar,"(0.760234, 0.401379, 0.8976609999999999, 0.515431)"
1694,Grenade,"(0.173977, 0.475952, 0.27924000000000004, 0.596584)"
1695,DentalStar,"(0.8986200000000001, 0.419251, 1.0, 0.48556099999999996)"
1695,Grenade,"(0.065792, 0.491979, 0.176515, 0.5711229999999999)"
1696,DentalStar,"(0.951923, 0.334532, 1.0, 0.397337)"
1697,DentalStar,"(0.769231, 0.379392, 0.9846149999999999, 0.442197)"
1700,Kong,"(0.563462, 0.45007, 0.623077, 0.551048)"
1701,Kong,"(0.178846, 0.557553, 0.282692, 0.630612)"
1702,Kong,"(0.32692299999999996, 0.344786, 0.428846, 0.417844)"
1703,Kong,"(0.301923, 0.469113, 0.41153799999999996, 0.534482)"
1704,Kong,"(0.515385, 0.722896, 0.617308, 0.797237)"
1705,Kong,"(0.686538, 0.565473, 0.7576919999999999, 0.6664500000000001)"
1706,Kong,"(0.823077, 0.608822, 0.915385, 0.665218)"
1709,Kong,"(0.648077, 0.597209, 0.711538, 0.7039559999999999)"
1709,DentalStar,"(0.0, 0.695301, 0.080769, 0.7847379999999999)"
1710,DentalStar,"(0.0, 0.7385769999999999, 0.107692, 0.8395539999999999)"
1710,Kong,"(0.6711539999999999, 0.63183, 0.726923, 0.715496)"
1711,Kong,"(0.726923, 0.6145189999999999, 0.7788459999999999, 0.718382)"
1711,DentalStar,"(0.030768999999999998, 0.735692, 0.161538, 0.8164739999999999)"
1712,Kong,"(0.896154, 0.538327, 0.948077, 0.596005)"
1713,DentalStar,"(0.0, 0.9228459999999999, 0.113462, 0.979242)"
1713,Kong,"(0.973077, 0.726741, 1.0, 0.795955)"
1718,Kong,"(0.44038499999999997, 0.419126, 0.628846, 0.5332)"
1719,Kong,"(0.342308, 0.20764000000000002, 0.536538, 0.35375799999999996)"
1720,Kong,"(0.363462, 0.36913799999999997, 0.5307689999999999, 0.506284)"
1743,Kong,"(0.8615379999999999, 0.617404, 0.988462, 0.802048)"
1745,Kong,"(0.957692, 0.6447109999999999, 1.0, 0.722896)"
1759,Kong,"(0.0, 0.276854, 0.111538, 0.34606699999999996)"
1759,DentalStar,"(0.111538, 0.17047, 0.282692, 0.252501)"
1765,Grenade,"(0.15961499999999998, 0.448606, 0.298077, 0.606259)"
1766,Grenade,"(0.125, 0.5139739999999999, 0.273077, 0.680599)"
1781,Kong,"(0.47307699999999997, 0.298643, 0.596154, 0.38708299999999995)"
1781,Grenade,"(0.513462, 0.430662, 0.642308, 0.5024379999999999)"
1782,Kong,"(0.455769, 0.349912, 0.5519229999999999, 0.434507)"
1782,Grenade,"(0.5307689999999999, 0.434507, 0.625, 0.476804)"
1783,Kong,"(0.5, 0.27985099999999996, 0.576923, 0.38659899999999997)"
1783,Grenade,"(0.553846, 0.412564, 0.628846, 0.510657)"
1784,Kong,"(0.465385, 0.323127, 0.534615, 0.412564)"
1784,Grenade,"(0.580769, 0.42122000000000004, 0.6519229999999999, 0.5135419999999999)"
1785,Grenade,"(0.594231, 0.46449599999999996, 0.6711539999999999, 0.565473)"
1785,Kong,"(0.47307699999999997, 0.33466799999999997, 0.534615, 0.44430000000000003)"
1786,Grenade,"(0.578091, 0.406788, 0.651844, 0.499536)"
1786,Kong,"(0.521154, 0.377944, 0.594231, 0.49334599999999995)"
1787,Grenade,"(0.55, 0.41833499999999996, 0.617308, 0.539507)"
1795,Kong,"(0.957692, 0.663565, 1.0, 0.776083)"
1795,DentalStar,"(0.682692, 0.689531, 0.8019229999999999, 0.8395539999999999)"
1796,Kong,"(0.913462, 0.6924159999999999, 0.982692, 0.793393)"
1796,DentalStar,"(0.628846, 0.712611, 0.7596149999999999, 0.8597500000000001)"
1797,DentalStar,"(0.721154, 0.665218, 0.898077, 0.7562209999999999)"
1798,DentalStar,"(0.734615, 0.647274, 0.9192309999999999, 0.7459669999999999)"
1799,Kong,"(0.9423079999999999, 0.753002, 1.0, 0.8626349999999999)"
1799,DentalStar,"(0.659615, 0.7501169999999999, 0.7788459999999999, 0.8943709999999999)"
1800,DentalStar,"(0.703846, 0.652025, 0.834615, 0.807819)"
1801,Kong,"(0.973077, 0.698186, 1.0, 0.790508)"
1801,DentalStar,"(0.684615, 0.695301, 0.8153849999999999, 0.8395539999999999)"
1802,Kong,"(0.9500000000000001, 0.646255, 1.0, 0.747232)"
1802,DentalStar,"(0.675, 0.640485, 0.792308, 0.790508)"
1803,DentalStar,"(0.505769, 0.64337, 0.628846, 0.802048)"
1803,Kong,"(0.809615, 0.669335, 0.876923, 0.776083)"
1804,DentalStar,"(0.738462, 0.7501169999999999, 0.8788459999999999, 0.8972559999999999)"
1819,Kong,"(0.659615, 0.490461, 0.725, 0.594324)"
1820,Kong,"(0.813462, 0.389484, 0.8788459999999999, 0.502002)"
1821,Grenade,"(0.18076899999999999, 0.810704, 0.248077, 0.9318759999999999)"
1822,Grenade,"(0.11923099999999999, 0.8308989999999999, 0.18076899999999999, 0.960727)"
1823,DentalStar,"(0.8846149999999999, 0.628944, 1.0, 0.7501169999999999)"
1824,DentalStar,"(0.461538, 0.46449599999999996, 0.517308, 0.5683579999999999)"
1825,Kong,"(0.667308, 0.41833499999999996, 0.730769, 0.522197)"
1826,Kong,"(0.6923079999999999, 0.380829, 0.7596149999999999, 0.48180599999999996)"
1826,DentalStar,"(0.573077, 0.502002, 0.646154, 0.605864)"
1827,Kong,"(0.734615, 0.354863, 0.8, 0.45872599999999997)"
1827,DentalStar,"(0.617308, 0.461611, 0.688462, 0.585668)"
1828,DentalStar,"(0.617308, 0.5250819999999999, 0.7153849999999999, 0.6347149999999999)"
1828,Kong,"(0.771154, 0.42410499999999995, 0.826923, 0.5250819999999999)"
1829,DentalStar,"(0.6769229999999999, 0.5452779999999999, 0.786538, 0.652025)"
1829,Kong,"(0.851923, 0.45584, 0.911538, 0.5452779999999999)"
1830,Kong,"(0.619231, 0.43853000000000003, 0.684615, 0.542392)"
1830,DentalStar,"(0.45, 0.542392, 0.557692, 0.657795)"
1831,Kong,"(0.65, 0.42410499999999995, 0.707692, 0.522197)"
1831,DentalStar,"(0.459615, 0.519312, 0.5884619999999999, 0.646255)"
1832,Kong,"(0.609615, 0.45584, 0.644231, 0.542392)"
1832,DentalStar,"(0.423077, 0.5452779999999999, 0.561538, 0.686646)"
1833,Kong,"(0.848077, 0.46449599999999996, 0.913462, 0.565473)"
1833,DentalStar,"(0.6769229999999999, 0.577013, 0.7942309999999999, 0.6808759999999999)"
1834,Kong,"(0.734615, 0.8741749999999999, 0.7961539999999999, 0.9664969999999999)"
1835,DentalStar,"(0.734615, 0.701071, 0.853846, 0.810704)"
1835,Kong,"(0.971154, 0.64337, 1.0, 0.747232)"
1836,DentalStar,"(0.703846, 0.698186, 0.8250000000000001, 0.8164739999999999)"
1836,Kong,"(0.936538, 0.6347149999999999, 1.0, 0.744347)"
1837,Kong,"(0.9634619999999999, 0.698186, 1.0, 0.810704)"
1837,DentalStar,"(0.730769, 0.7703129999999999, 0.851923, 0.879945)"
1838,DentalStar,"(0.603846, 0.608822, 0.809615, 0.717769)"
1838,Kong,"(0.536538, 0.566525, 0.640385, 0.6344569999999999)"
1839,Kong,"(0.396154, 0.38067399999999996, 0.501923, 0.44476099999999996)"
1839,DentalStar,"(0.515385, 0.645992, 0.723077, 0.7498119999999999)"
1840,DentalStar,"(0.503846, 0.654964, 0.717308, 0.765193)"
1840,Kong,"(0.41153799999999996, 0.343504, 0.513462, 0.40502699999999997)"
1841,DentalStar,"(0.513462, 0.780574, 0.719231, 0.8805489999999999)"
1841,Kong,"(0.303846, 0.5037200000000001, 0.41923099999999996, 0.5690879999999999)"
1846,Kong,"(0.75, 0.24523099999999998, 0.828846, 0.380829)"
1847,DentalStar,"(0.24423099999999998, 0.0, 0.388462, 0.135598)"
1847,Kong,"(0.769231, 0.383714, 0.844231, 0.519312)"
1848,Kong,"(0.009615, 0.7011069999999999, 0.130769, 0.781856)"
1848,DentalStar,"(0.0, 0.6434289999999999, 0.13461499999999998, 0.742122)"
1849,Kong,"(0.028846, 0.8087719999999999, 0.151923, 0.8869579999999999)"
1849,DentalStar,"(0.0, 0.744686, 0.157692, 0.852351)"
1857,DentalStar,"(0.125, 0.551048, 0.240385, 0.677991)"
1858,DentalStar,"(0.121154, 0.484691, 0.242308, 0.620289)"
1859,DentalStar,"(0.12307699999999999, 0.548163, 0.24615399999999998, 0.686646)"
1860,DentalStar,"(0.169231, 0.522197, 0.29423099999999996, 0.669335)"
1861,DentalStar,"(0.142308, 0.585668, 0.275, 0.718382)"
1862,DentalStar,"(0.142308, 0.617404, 0.259615, 0.7501169999999999)"
1863,DentalStar,"(0.165385, 0.640485, 0.290385, 0.7731979999999999)"
1864,DentalStar,"(0.130769, 0.683761, 0.263462, 0.810704)"
1865,DentalStar,"(0.065385, 0.683761, 0.18653799999999998, 0.825129)"
1866,DentalStar,"(0.301923, 0.611634, 0.421154, 0.721267)"
1867,DentalStar,"(0.341649, 0.6036739999999999, 0.4718, 0.7240829999999999)"
1868,DentalStar,"(0.37884599999999996, 0.623174, 0.49230799999999997, 0.747232)"
1869,DentalStar,"(0.392308, 0.689531, 0.513462, 0.813589)"
1870,DentalStar,"(0.396154, 0.758772, 0.507692, 0.868405)"
1873,DentalStar,"(0.428846, 0.47603599999999996, 0.538462, 0.620289)"
1874,DentalStar,"(0.32884599999999997, 0.605864, 0.45, 0.741462)"
1875,DentalStar,"(0.465385, 0.577013, 0.582692, 0.7068409999999999)"
1876,DentalKong,"(0.30000000000000004, 0.43835199999999996, 0.434615, 0.57037)"
1876,Kong,"(0.009615, 0.954889, 0.128846, 1.0)"
1877,Kong,"(0.0, 0.977961, 0.059614999999999994, 1.0)"
1877,DentalKong,"(0.278846, 0.49474799999999997, 0.394231, 0.630612)"
1878,DentalKong,"(0.43846199999999996, 0.38659899999999997, 0.534615, 0.588554)"
1878,Grenade,"(0.078846, 0.6808759999999999, 0.15961499999999998, 0.8280139999999999)"
1879,Kong,"(0.22692299999999999, 0.9369449999999999, 0.340385, 1.0)"
1879,DentalKong,"(0.5307689999999999, 0.612667, 0.669231, 0.717769)"
1879,Grenade,"(0.136538, 0.716487, 0.24615399999999998, 0.80749)"
1880,DentalKong,"(0.5326919999999999, 0.479367, 0.6711539999999999, 0.606259)"
1880,Kong,"(0.136538, 0.789546, 0.248077, 0.857478)"
1880,Grenade,"(0.053846, 0.566525, 0.161538, 0.656246)"
1881,Kong,"(0.08653799999999999, 0.82928, 0.203846, 0.907465)"
1881,Grenade,"(0.0, 0.611386, 0.101923, 0.70367)"
1881,DentalKong,"(0.480769, 0.528073, 0.625, 0.6447109999999999)"
1882,DentalKong,"(0.332241, 0.204513, 0.5692539999999999, 0.385049)"
1982,DentalStar,"(0.0, 0.716814, 0.143763, 0.913462)"
1983,DentalStar,"(0.0, 0.659723, 0.15222000000000002, 0.8722289999999999)"
1984,DentalStar,"(0.0, 0.612146, 0.150106, 0.8278249999999999)"
1985,DentalStar,"(0.0, 0.662894, 0.12685000000000002, 0.8658859999999999)"
1986,DentalStar,"(0.0, 0.6375200000000001, 0.133192, 0.830997)"
1987,DentalStar,"(0.0, 0.6533789999999999, 0.169133, 0.8722289999999999)"
1988,DentalStar,"(0.0, 0.713642, 0.059197, 0.900775)"
1991,DentalStar,"(0.0, 0.767562, 0.11416499999999999, 0.9768969999999999)"
1992,DentalStar,"(0.0, 0.5709139999999999, 0.069767, 0.777077)"
2064,Grenade,"(0.744186, 0.888088, 0.8604649999999999, 1.0)"
2141,Grenade,"(0.904863, 0.903947, 1.0, 1.0)"
2142,Grenade,"(0.9492600000000001, 0.8785729999999999, 1.0, 1.0)"
2143,Grenade,"(0.9492600000000001, 0.8785729999999999, 1.0, 1.0)"
2162,Grenade,"(0.0, 0.35523499999999997, 0.095137, 0.463074)"
2167,Grenade,"(0.782241, 0.865182, 0.904863, 0.925773)"
2168,Grenade,"(0.778013, 0.8835000000000001, 0.904863, 0.9412729999999999)"
2169,Grenade,"(0.710359, 0.8074089999999999, 0.8308669999999999, 0.866591)"
2170,Grenade,"(0.729387, 0.870818, 0.8604649999999999, 0.93)"
2207,Grenade,"(0.077273, 0.8846269999999999, 0.277273, 0.9906609999999999)"
2208,Grenade,"(0.265909, 0.8073739999999999, 0.44318199999999996, 0.927041)"
2208,Grenade,"(0.0, 0.8164629999999999, 0.081818, 0.9103779999999999)"
2209,Grenade,"(0.225, 0.840699, 0.434091, 0.963395)"
2209,Grenade,"(0.0, 0.8437279999999999, 0.063636, 0.9376439999999999)"
2216,Grenade,"(0.423237, 0.77292, 0.6496689999999999, 0.87165)"
2232,Grenade,"(0.29203399999999996, 0.692525, 0.503652, 0.788434)"
2233,Grenade,"(0.423803, 0.9471729999999999, 0.5500729999999999, 1.0)"
2234,Grenade,"(0.23278000000000001, 0.633286, 0.45074699999999995, 0.7461209999999999)"
2236,Grenade,"(0.570392, 0.851367, 0.7155300000000001, 0.977656)"
2237,Grenade,"(0.521045, 0.803464, 0.658926, 0.927576)"
2241,Grenade,"(0.48185799999999995, 0.709835, 0.642961, 0.844834)"
2242,Grenade,"(0.506531, 0.788222, 0.658926, 0.931931)"
2243,Grenade,"(0.529753, 0.7533829999999999, 0.669086, 0.918866)"
2244,Grenade,"(0.207386, 0.71086, 0.416888, 0.7954869999999999)"
2245,Grenade,"(0.192573, 0.6516219999999999, 0.391494, 0.737659)"
2251,Grenade,"(0.339623, 0.770803, 0.49492, 0.916689)"
2252,Grenade,"(0.48672299999999996, 0.787024, 0.711038, 0.885755)"
2253,Grenade,"(0.427469, 0.765867, 0.639088, 0.863188)"
2254,Grenade,"(0.580552, 0.709835, 0.7431059999999999, 0.847012)"
2255,Grenade,"(0.571843, 0.6924159999999999, 0.722787, 0.827415)"
2256,Grenade,"(0.45498000000000005, 0.503526, 0.715271, 0.596615)"
2257,Grenade,"(0.6285069999999999, 0.448519, 0.7681749999999999, 0.545839)"
2259,Grenade,"(0.380913, 0.46685499999999996, 0.5692539999999999, 0.554302)"
2260,Grenade,"(0.380913, 0.476728, 0.484606, 0.550071)"
2261,Grenade,"(0.44992699999999997, 0.616207, 0.529753, 0.759915)"
2292,Grenade,"(0.101577, 0.7503529999999999, 0.308963, 0.8490829999999999)"
2293,Grenade,"(0.297533, 0.640158, 0.432511, 0.796931)"
2294,Grenade,"(0.312046, 0.6858839999999999, 0.477504, 0.8709629999999999)"
2305,Grenade,"(0.243361, 0.590973, 0.423237, 0.695346)"
2306,Grenade,"(0.137881, 0.222096, 0.23222099999999998, 0.37669199999999997)"
2310,Grenade,"(0.204644, 0.191612, 0.31785199999999997, 0.365805)"
2311,Grenade,"(0.248186, 0.204676, 0.362845, 0.37015899999999996)"
2313,Grenade,"(0.687954, 0.847012, 0.805515, 0.990721)"
2316,Grenade,"(0.8708269999999999, 0.775157, 0.982583, 0.921044)"
2317,Grenade,"(0.40928899999999996, 0.735964, 0.5094339999999999, 0.897092)"
2318,Grenade,"(0.375907, 0.5683039999999999, 0.493469, 0.7642700000000001)"
2319,Grenade,"(0.27285899999999996, 0.37886899999999996, 0.393324, 0.5879)"
2320,Grenade,"(0.39622599999999997, 0.128467, 0.49492, 0.222096)"
2321,Grenade,"(0.595065, 0.15459599999999998, 0.728592, 0.28088599999999997)"
2322,Grenade,"(0.538462, 0.195967, 0.628447, 0.307015)"
2324,Grenade,"(0.090996, 0.23272199999999998, 0.311079, 0.424542)"
2325,Grenade,"(0.198921, 0.327221, 0.36186799999999997, 0.492243)"
2326,Grenade,"(0.39042099999999996, 0.254757, 0.518142, 0.476852)"
2340,Grenade,"(0.16083, 0.8039489999999999, 0.35340299999999997, 0.905501)"
2341,Grenade,"(0.35128699999999996, 0.565585, 0.490955, 0.6741889999999999)"
2342,Grenade,"(0.372449, 0.667137, 0.537511, 0.7912549999999999)"
2343,Grenade,"(0.46879499999999996, 0.629271, 0.5660379999999999, 0.8208829999999999)"
2344,Grenade,"(0.34282199999999996, 0.7052189999999999, 0.47190899999999997, 0.8053600000000001)"
2345,Grenade,"(0.32166, 0.722144, 0.47614199999999995, 0.840621)"
2346,Grenade,"(0.302614, 0.6699579999999999, 0.435934, 0.7912549999999999)"
2347,Grenade,"(0.33859, 0.7052189999999999, 0.516349, 0.847673)"
2390,Grenade,"(0.061369, 0.564175, 0.23912899999999998, 0.667137)"
2431,Grenade,"(0.125498, 0.714255, 0.21912399999999999, 0.860692)"
2432,Grenade,"(0.099602, 0.717244, 0.187251, 0.851727)"
2433,Grenade,"(0.135458, 0.708278, 0.23107599999999998, 0.842761)"
2504,Kong,"(0.402174, 0.21199, 0.586957, 0.521821)"
2505,Kong,"(0.302174, 0.43376299999999995, 0.41956499999999997, 0.642492)"
2510,Kong,"(0.25925899999999996, 0.6863819999999999, 0.357298, 0.856343)"
2511,Kong,"(0.270153, 0.75502, 0.359477, 0.879222)"
2513,Kong,"(0.463043, 0.469639, 0.717391, 0.864265)"
2514,Kong,"(0.408696, 0.476161, 0.676087, 0.870788)"
2515,Kong,"(0.332609, 0.39788799999999996, 0.5847829999999999, 0.802299)"
2569,Kong,"(0.48260899999999995, 0.782731, 0.573913, 0.932754)"
2571,Kong,"(0.538462, 0.689457, 0.639053, 0.8433269999999999)"
2572,MegalastBall,"(0.0, 0.716088, 0.037475, 0.881795)"
2675,Kong,"(0.49309699999999995, 0.386491, 0.788955, 0.604714)"
2784,Zyro,"(0.889546, 0.446963, 1.0, 0.591568)"
2785,Zyro,"(0.8500989999999999, 0.44039000000000006, 1.0, 0.588939)"
2786,Zyro,"(0.7790929999999999, 0.429873, 0.976331, 0.573164)"
2793,Zyro,"(0.8777119999999999, 0.232683, 1.0, 0.365458)"
2794,Zyro,"(0.885602, 0.237942, 1.0, 0.379918)"
2795,Zyro,"(0.755424, 0.21559399999999998, 0.944773, 0.350997)"
2795,Grenade,"(0.467456, 0.7151400000000001, 0.6469429999999999, 0.9465089999999999)"
2796,Grenade,"(0.404339, 0.556074, 0.7790929999999999, 0.783499)"
2796,Zyro,"(0.9644969999999999, 0.222167, 1.0, 0.34179499999999996)"
2797,Zyro,"(0.962525, 0.206392, 1.0, 0.329964)"
2797,Grenade,"(0.485207, 0.532411, 0.842209, 0.754578)"
2798,Grenade,"(0.550296, 0.695421, 0.8777119999999999, 0.9215319999999999)"
2799,Grenade,"(0.714004, 0.45353499999999997, 1.0, 0.5955119999999999)"
2799,Zyro,"(0.90927, 0.206392, 1.0, 0.34179499999999996)"
2800,Zyro,"(0.903353, 0.143291, 1.0, 0.281323)"
2800,Grenade,"(0.544379, 0.49823199999999995, 0.8757400000000001, 0.648096)"
2801,Grenade,"(0.5463509999999999, 0.875521, 0.925049, 0.9465089999999999)"
2802,Zyro,"(0.9171600000000001, 0.265548, 1.0, 0.40226599999999996)"
2802,Grenade,"(0.41814599999999996, 0.644152, 0.7633139999999999, 0.893925)"
2803,Grenade,"(0.635108, 0.310245, 0.928994, 0.506119)"
2803,Zyro,"(0.899408, 0.14460599999999998, 1.0, 0.297099)"
2804,Zyro,"(0.915187, 0.135403, 1.0, 0.276065)"
2804,Grenade,"(0.775148, 0.490344, 1.0, 0.6665)"
2805,Grenade,"(0.682446, 0.44039000000000006, 0.944773, 0.648096)"
2805,Zyro,"(0.9230769999999999, 0.09202199999999999, 1.0, 0.23005399999999998)"
2806,Unknown,"(0.869822, 0.18346099999999999, 1.0, 0.408348)"
2807,Unknown,"(0.8481259999999999, 0.139075, 1.0, 0.36988000000000004)"
2850,DentalStar,"(0.11637099999999999, 0.301822, 0.270217, 0.500078)"
2873,DentalStar,"(0.6903349999999999, 0.38254699999999997, 1.0, 0.519265)"
2874,DentalStar,"(0.739645, 0.439075, 0.9230769999999999, 0.578422)"
2895,Grenade,"(0.0, 0.825573, 0.11834299999999999, 1.0)"
2896,Grenade,"(0.023669, 0.5503819999999999, 0.21301799999999999, 0.8699589999999999)"
2934,DentalStar,"(0.0, 0.34179499999999996, 0.10650899999999999, 0.41278299999999996)"
2953,Zyro,"(0.262327, 0.440897, 0.36094699999999996, 0.588849)"
2954,Zyro,"(0.26430000000000003, 0.500078, 0.357002, 0.6509889999999999)"
2967,DentalStar,"(0.0, 0.210092, 0.112426, 0.366921)"
2968,DentalStar,"(0.0, 0.254478, 0.10453599999999999, 0.41426599999999997)"
3004,LuckyCloverChew,"(0.698225, 0.8295100000000001, 0.9940829999999999, 1.0)"
3005,LuckyCloverChew,"(0.7357, 0.8584309999999999, 1.0, 1.0)"
3014,Dumbbell,"(0.053253999999999996, 0.45273399999999997, 0.838264, 1.0)"
3015,Dumbbell,"(0.218935, 0.529669, 0.7495069999999999, 1.0)"
3016,Dumbbell,"(0.047337, 0.204174, 0.625247, 1.0)"
3017,Dumbbell,"(0.0, 0.19233799999999998, 0.272189, 1.0)"
3018,Dumbbell,"(0.04931000000000001, 0.703309, 0.672584, 1.0)"
3028,Dumbbell,"(0.201183, 0.632321, 0.804734, 1.0)"
3031,Dumbbell,"(0.577909, 0.0, 0.972387, 0.325495)"
3032,LuckyCloverChew,"(0.781065, 0.8995489999999999, 0.976331, 1.0)"
3036,Dumbbell,"(0.029585999999999998, 0.532411, 0.9230769999999999, 1.0)"
3039,Dumbbell,"(0.086785, 0.0, 0.595661, 0.665785)"
3040,Dumbbell,"(0.053253999999999996, 0.0, 0.583826, 0.571095)"
3041,Dumbbell,"(0.07692299999999999, 0.0, 0.495069, 0.840368)"
3042,Dumbbell,"(0.138067, 0.467529, 0.548323, 1.0)"
3043,Dumbbell,"(0.455621, 0.674662, 0.861933, 1.0)"
3044,DentalStar,"(0.7376729999999999, 0.516636, 0.942801, 0.640208)"
3045,DentalStar,"(0.812623, 0.5771069999999999, 1.0, 0.699365)"
3048,Dumbbell,"(0.566075, 0.068058, 1.0, 1.0)"
3049,Dumbbell,"(0.672584, 0.699365, 1.0, 1.0)"
3050,Dumbbell,"(0.650888, 0.699365, 1.0, 1.0)"
3089,Grenade,"(0.723664, 0.877236, 0.850382, 1.0)"
3090,Grenade,"(0.716031, 0.865784, 0.8427479999999999, 1.0)"
3101,LuckyCloverChew,"(0.2, 0.639031, 0.343511, 0.794781)"
3102,LuckyCloverChew,"(0.221374, 0.6207079999999999, 0.360305, 0.769586)"
3103,LuckyCloverChew,"(0.219847, 0.6710969999999999, 0.374046, 0.8222659999999999)"
3104,LuckyCloverChew,"(0.216794, 0.6710969999999999, 0.35419799999999996, 0.806233)"
3107,LuckyCloverChew,"(0.170992, 0.63216, 0.290076, 0.7650049999999999)"
3108,LuckyCloverChew,"(0.18473299999999998, 0.616127, 0.35419799999999996, 0.758134)"
3241,Dumbbell,"(0.13913, 0.133717, 0.730435, 1.0)"
3242,Dumbbell,"(0.0, 0.097841, 0.671739, 1.0)"
3243,DentalStar,"(0.21087000000000003, 0.26091000000000003, 0.58913, 0.5740029999999999)"
3244,DentalStar,"(0.197826, 0.381581, 0.558696, 0.6327079999999999)"
3245,Dumbbell,"(0.7673909999999999, 0.362013, 1.0, 1.0)"
3245,DentalStar,"(0.15, 0.394627, 0.45217399999999996, 0.6555369999999999)"
3306,DentalStar,"(0.845652, 0.658799, 1.0, 0.8805719999999999)"
3537,Kong,"(0.701627, 0.632106, 0.811935, 0.7704639999999999)"
3538,Kong,"(0.6835439999999999, 0.6483829999999999, 0.7920429999999999, 0.792167)"
3539,Kong,"(0.667269, 0.651096, 0.7757689999999999, 0.792167)"
3565,Ziggs,"(0.207143, 0.545102, 0.391071, 0.6998249999999999)"
3569,Ziggs,"(0.180357, 0.734043, 0.34107099999999996, 0.959078)"
3570,Ziggs,"(0.1875, 0.760833, 0.34821399999999997, 0.9939049999999999)"
3571,Ziggs,"(0.207143, 0.7260059999999999, 0.369643, 0.956399)"
3580,Ziggs,"(0.323214, 0.806376, 0.471429, 1.0)"
3581,Ziggs,"(0.26964299999999997, 0.8412029999999999, 0.408929, 1.0)"
3679,Kong,"(0.611807, 0.407769, 0.80322, 0.521038)"
3697,Kong,"(0.740899, 0.653655, 0.882227, 0.7678309999999999)"
3714,Kong,"(0.28479699999999997, 0.510936, 0.38758000000000004, 0.578014)"
3724,Kong,"(0.38758000000000004, 0.019981, 0.513919, 0.098476)"
3738,Kong,"(0.7835500000000001, 0.064945, 0.8441559999999999, 0.16236299999999998)"
3739,Kong,"(0.891775, 0.0, 1.0, 0.08442899999999999)"
3740,Kong,"(0.922078, 0.038967, 1.0, 0.17535199999999998)"
3802,Kong,"(0.305195, 0.542292, 0.365801, 0.685172)"
3814,Kong,"(0.11039000000000002, 0.740375, 0.227273, 0.889749)"
3815,Kong,"(0.07792199999999999, 0.7436229999999999, 0.17316, 0.870266)"
3816,Kong,"(0.119048, 0.6754300000000001, 0.21428599999999998, 0.8020729999999999)"
3969,DentalStar,"(0.8659, 0.0, 1.0, 0.08909399999999999)"
3970,DentalStar,"(0.871648, 0.091968, 1.0, 0.204055)"
4042,Unknown,"(0.752174, 0.749088, 0.863043, 0.9012239999999999)"
4042,DentalStar,"(0.730435, 0.647664, 1.0, 0.841818)"
4042,Dumbbell,"(0.604348, 0.17097199999999999, 1.0, 0.6578069999999999)"
4055,Kong,"(0.862069, 0.830083, 1.0, 1.0)"
4055,DentalStar,"(0.048681999999999996, 0.225772, 0.275862, 0.36231599999999997)"
4056,Kong,"(0.5050709999999999, 0.569161, 0.713996, 0.753023)"
4056,DentalStar,"(0.310345, 0.232531, 0.419878, 0.304184)"
4057,DentalStar,"(0.25355, 0.159527, 0.547667, 0.33122199999999996)"
4057,Kong,"(0.6632859999999999, 0.707058, 0.868154, 0.85577)"
4118,DentalStar,"(0.541582, 0.632702, 0.758621, 0.753023)"
4119,DentalStar,"(0.6044619999999999, 0.709762, 0.839757, 0.826027)"
4120,DentalStar,"(0.529412, 0.6962419999999999, 0.795132, 0.7962849999999999)"
4123,DentalStar,"(0.356998, 0.41098599999999996, 0.6206900000000001, 0.534011)"
4124,DentalStar,"(0.306288, 0.6597400000000001, 0.565923, 0.7557269999999999)"
4201,DentalStar,"(0.077079, 0.5751400000000001, 0.29614599999999996, 0.794242)"
4201,Hex,"(0.180527, 0.7698969999999999, 0.322515, 1.0)"
4201,S-shapedToy,"(0.0, 0.8216289999999999, 0.176471, 1.0)"
4202,S-shapedToy,"(0.0, 0.940309, 0.123732, 1.0)"
4202,Hex,"(0.133874, 0.8855339999999999, 0.281947, 1.0)"
4202,DentalStar,"(0.038540000000000005, 0.6816479999999999, 0.261663, 0.928137)"
4203,S-shapedToy,"(0.160243, 0.830758, 0.326572, 1.0)"
4204,S-shapedToy,"(0.162272, 0.906835, 0.26572, 1.0)"
4205,S-shapedToy,"(0.16835699999999998, 0.5842700000000001, 0.263692, 0.8003279999999999)"
4206,Hex,"(0.016227, 0.447331, 0.257606, 0.806414)"
4206,S-shapedToy,"(0.399594, 0.5660109999999999, 0.699797, 1.0)"
4206,DentalStar,"(0.0, 0.26779000000000003, 0.229209, 0.489934)"
4207,DentalStar,"(0.079108, 0.209972, 0.292089, 0.413858)"
4207,Hex,"(0.103448, 0.38647000000000004, 0.32048699999999997, 0.696863)"
4207,S-shapedToy,"(0.350913, 0.343867, 0.697769, 0.678605)"
4208,S-shapedToy,"(0.279919, 0.5781839999999999, 0.665314, 1.0)"
4209,DentalStar,"(0.0, 0.675562, 0.046653, 0.8672749999999999)"
4209,S-shapedToy,"(0.261663, 0.66339, 0.655172, 1.0)"
4209,Hex,"(0.0, 0.861189, 0.10750499999999999, 1.0)"
4210,Hex,"(0.0, 0.5660109999999999, 0.123732, 0.8824909999999999)"
4210,DentalStar,"(0.0, 0.413858, 0.10953299999999999, 0.611657)"
4210,S-shapedToy,"(0.210953, 0.523408, 0.567951, 0.775983)"
4211,S-shapedToy,"(0.275862, 0.5142789999999999, 0.778905, 1.0)"
4212,DentalStar,"(0.0, 0.6846909999999999, 0.15010099999999998, 0.9311800000000001)"
4212,S-shapedToy,"(0.324544, 0.5142789999999999, 0.701826, 0.940309)"
4212,Hex,"(0.0, 0.864232, 0.166329, 1.0)"
4304,BlueFrisbee,"(0.0, 0.206845, 0.267748, 0.904439)"
4305,BlueFrisbee,"(0.0, 0.29742399999999997, 0.5111559999999999, 0.682723)"
4306,BlueFrisbee,"(0.0, 0.21090099999999998, 0.529412, 0.754375)"
4308,BlueFrisbee,"(0.0, 0.07435599999999999, 0.375254, 0.751671)"
4309,BlueFrisbee,"(0.0, 0.11897, 0.365112, 0.777358)"
4310,BlueFrisbee,"(0.488844, 0.255618, 1.0, 1.0)"
4311,BlueFrisbee,"(0.446247, 0.27996299999999996, 1.0, 1.0)"
4312,BlueFrisbee,"(0.038540000000000005, 0.304307, 0.748479, 1.0)"
4313,BlueFrisbee,"(0.0, 0.219101, 0.606491, 1.0)"
4314,BlueFrisbee,"(0.0, 0.22823000000000002, 0.517241, 1.0)"
4317,BlueFrisbee,"(0.0, 0.14871199999999998, 0.452333, 0.8652329999999999)"
4318,BlueFrisbee,"(0.0, 0.04191, 0.513185, 0.876049)"
4319,BlueFrisbee,"(0.0, 0.045966, 0.507099, 0.635406)"
4320,BlueFrisbee,"(0.0, 0.0, 0.5212979999999999, 0.597552)"
4321,BlueFrisbee,"(0.0, 0.08381899999999999, 0.363083, 0.605663)"
4322,BlueFrisbee,"(0.0, 0.270385, 0.561866, 0.816564)"
4323,BlueFrisbee,"(0.0, 0.241995, 0.515213, 0.798989)"
4324,BlueFrisbee,"(0.0, 0.062188999999999994, 0.322515, 0.7057059999999999)"
4325,BlueFrisbee,"(0.0, 0.03515, 0.46247499999999997, 0.734096)"
4326,BlueFrisbee,"(0.0, 0.0, 0.434077, 0.667852)"
4327,BlueFrisbee,"(0.675456, 0.34474099999999996, 1.0, 1.0)"
4328,BlueFrisbee,"(0.912779, 0.101395, 1.0, 0.505621)"
4329,BlueFrisbee,"(0.8438129999999999, 0.040558, 1.0, 0.550234)"
4332,BlueFrisbee,"(0.393509, 0.202789, 1.0, 0.9477009999999999)"
4333,BlueFrisbee,"(0.5273829999999999, 0.227124, 1.0, 0.9612200000000001)"
4335,BlueFrisbee,"(0.19472599999999998, 0.7638389999999999, 0.825558, 1.0)"
4338,BlueFrisbee,"(0.88641, 0.671908, 1.0, 1.0)"
4373,Hex,"(0.0, 0.462547, 0.144016, 0.705993)"
4373,Kong,"(0.0, 0.18867, 0.073022, 0.368212)"
4374,Kong,"(0.0, 0.1978, 0.123732, 0.371255)"
4374,Hex,"(0.032454, 0.471676, 0.178499, 0.721208)"
4375,Hex,"(0.397566, 0.556882, 0.5537529999999999, 0.8338019999999999)"
4375,Kong,"(0.233266, 0.17954099999999998, 0.346856, 0.258661)"
4375,DentalStar,"(0.079108, 0.0, 0.23935099999999998, 0.121723)"
4376,DentalStar,"(0.135903, 0.0, 0.30426000000000003, 0.191713)"
4376,Kong,"(0.279919, 0.23736000000000002, 0.41582199999999997, 0.410815)"
4376,Hex,"(0.496957, 0.587313, 0.667343, 0.855103)"
4377,Kong,"(0.269777, 0.243446, 0.40770799999999996, 0.422987)"
4377,Hex,"(0.492901, 0.587313, 0.649087, 0.8672749999999999)"
4377,DentalStar,"(0.12778899999999999, 0.006085999999999999, 0.288032, 0.206929)"
4378,Hex,"(0.474645, 0.6147, 0.626775, 0.8703179999999999)"
4378,Kong,"(0.23935099999999998, 0.24953199999999998, 0.375254, 0.441245)"
4378,DentalStar,"(0.09533499999999999, 0.0030429999999999997, 0.251521, 0.206929)"
4379,Kong,"(0.208925, 0.34995299999999996, 0.34482799999999997, 0.538624)"
4379,DentalStar,"(0.06288, 0.103464, 0.225152, 0.310393)"
4379,Hex,"(0.425963, 0.7029489999999999, 0.580122, 0.9676969999999999)"
4382,Hex,"(0.5498919999999999, 0.462111, 0.680043, 0.650861)"
4382,DentalStar,"(0.25379599999999997, 0.128545, 0.426247, 0.32705799999999996)"
4382,Kong,"(0.414317, 0.364482, 0.553145, 0.515807)"
4391,DentalStar,"(0.0, 0.6867789999999999, 0.233266, 0.794933)"
4392,DentalStar,"(0.0, 0.634054, 0.31643000000000004, 0.7854700000000001)"
4392,Kong,"(0.334686, 0.48399000000000003, 0.537525, 0.674612)"
4393,Kong,"(0.198783, 0.629998, 0.330629, 0.751671)"
4393,DentalStar,"(0.229209, 0.77195, 0.466531, 0.920662)"
4397,Kong,"(0.442191, 0.657303, 0.555781, 0.836845)"
4397,DentalStar,"(0.555781, 0.8916200000000001, 0.730223, 1.0)"
4398,Kong,"(0.36714, 0.62383, 0.464503, 0.7851119999999999)"
4398,DentalStar,"(0.470588, 0.8672749999999999, 0.6470589999999999, 1.0)"
4409,DentalStar,"(0.342812, 0.829513, 0.488152, 0.929055)"
4409,Kong,"(0.440758, 0.583029, 0.48341199999999995, 0.689681)"
4410,DentalStar,"(0.35387, 0.838994, 0.49289099999999997, 0.9361649999999999)"
4410,Kong,"(0.450237, 0.60199, 0.494471, 0.6967909999999999)"
4411,Kong,"(0.436019, 0.575919, 0.491311, 0.6825709999999999)"
4411,DentalStar,"(0.35387, 0.824773, 0.48341199999999995, 0.9219449999999999)"
4414,DentalStar,"(0.365867, 0.672727, 0.561638, 0.771123)"
4415,DentalStar,"(0.515008, 0.6328, 0.6508689999999999, 0.791593)"
4416,DentalStar,"(0.593997, 0.5925100000000001, 0.71406, 0.770262)"
4431,Kong,"(0.682464, 0.6659809999999999, 0.816746, 0.962236)"
4431,Hex,"(0.33491299999999996, 0.6375400000000001, 0.515008, 0.912465)"
4432,Hex,"(0.38862599999999997, 0.6659809999999999, 0.5703, 0.9195749999999999)"
4432,Kong,"(0.736177, 0.706271, 0.870458, 0.966976)"
4437,DentalStar,"(0.038512, 0.611765, 0.25193499999999996, 0.744385)"
4437,BlueFrisbee,"(0.290447, 0.403209, 0.5375679999999999, 0.735829)"
4438,DentalStar,"(0.149235, 0.670588, 0.359448, 0.7828879999999999)"
4438,BlueFrisbee,"(0.280819, 0.394652, 0.6354529999999999, 0.677005)"
4439,DentalStar,"(0.0, 0.840642, 0.271191, 1.0)"
4439,BlueFrisbee,"(0.40277399999999997, 0.40213899999999997, 0.967622, 0.7893049999999999)"
4439,Kong,"(0.21823599999999999, 0.550802, 0.3771, 0.673797)"
4440,Kong,"(0.003209, 0.516578, 0.15084, 0.6524059999999999)"
4440,BlueFrisbee,"(0.49905499999999997, 0.331551, 1.0, 0.701604)"
4440,DentalStar,"(0.0, 0.827807, 0.057768, 0.990374)"
4441,BlueFrisbee,"(0.455729, 0.40427799999999997, 0.9997149999999999, 0.805348)"
4441,DentalStar,"(0.0, 0.767914, 0.089862, 0.9465239999999999)"
4441,Kong,"(0.05135000000000001, 0.480214, 0.21984099999999998, 0.593583)"
4443,Kong,"(0.15725899999999998, 0.47379699999999997, 0.287238, 0.580749)"
4443,DentalStar,"(0.0, 0.748663, 0.176515, 0.9486629999999999)"
4443,BlueFrisbee,"(0.041721999999999995, 0.6545449999999999, 0.630639, 0.972193)"
4454,BlueFrisbee,"(0.418641, 0.346026, 0.668246, 0.583029)"
4454,DentalStar,"(0.417062, 0.6659809999999999, 0.565561, 0.855584)"
4454,Kong,"(0.7582939999999999, 0.7844829999999999, 0.85782, 0.9717159999999999)"
4455,BlueFrisbee,"(0.421801, 0.466898, 0.6540279999999999, 0.7181219999999999)"
4455,Kong,"(0.744076, 0.9172049999999999, 0.837283, 1.0)"
4455,DentalStar,"(0.39810399999999996, 0.810553, 0.541864, 0.9835659999999999)"
4456,BlueFrisbee,"(0.439179, 0.673091, 0.672986, 0.8698039999999999)"
4456,DentalStar,"(0.382306, 0.8342539999999999, 0.530806, 1.0)"
4456,Kong,"(0.7124800000000001, 0.945645, 0.8309639999999999, 1.0)"
4459,DentalStar,"(0.008022999999999999, 0.8695189999999999, 0.231074, 0.993583)"
4459,BlueFrisbee,"(0.10911799999999999, 0.7155079999999999, 0.47659, 0.8823529999999999)"
4459,Kong,"(0.731734, 0.775401, 0.856899, 0.890909)"
4463,BlueFrisbee,"(0.466035, 0.554589, 0.6951029999999999, 0.791593)"
4463,Kong,"(0.0, 0.526149, 0.052133, 0.720492)"
4463,DentalStar,"(0.208531, 0.9195749999999999, 0.364929, 1.0)"
4464,DentalStar,"(0.27172199999999996, 0.959866, 0.369668, 1.0)"
4464,Kong,"(0.018956999999999998, 0.5925100000000001, 0.09952599999999999, 0.758412)"
4464,BlueFrisbee,"(0.5007900000000001, 0.6422800000000001, 0.736177, 0.841364)"
4495,Kong,"(0.384783, 0.7794700000000001, 0.495652, 0.919709)"
4496,Kong,"(0.38043499999999997, 0.802299, 0.49347799999999997, 0.9425389999999999)"
4497,Kong,"(0.48260899999999995, 0.8283900000000001, 0.597826, 0.9979819999999999)"
4498,Kong,"(0.454348, 0.776208, 0.563043, 0.919709)"
4504,Kong,"(0.217687, 0.964436, 0.32142899999999996, 1.0)"
4505,Kong,"(0.0, 0.718661, 0.195652, 0.849063)"
4508,Kong,"(0.0, 0.8650009999999999, 0.082609, 1.0)"
4509,Kong,"(0.0, 0.872246, 0.09347799999999999, 1.0)"
4510,Kong,"(0.0, 0.8910819999999999, 0.13913, 1.0)"
4515,Kong,"(0.282609, 0.851961, 0.541304, 0.988159)"
4523,Kong,"(0.195652, 0.33325000000000005, 0.426087, 0.47959)"
4524,Kong,"(0.334783, 0.378166, 0.530435, 0.552036)"
4525,Kong,"(0.38043499999999997, 0.49246799999999996, 0.53913, 0.743594)"
4527,Kong,"(0.423913, 0.443548, 0.567391, 0.7142419999999999)"
4528,Kong,"(0.447826, 0.720765, 0.5804349999999999, 0.978414)"
4529,Kong,"(0.504348, 0.789254, 0.643478, 0.9881979999999999)"
4850,Hex,"(0.321739, 0.691132, 0.752174, 0.982363)"
4851,Hex,"(0.36521699999999996, 0.6288279999999999, 0.784783, 0.902673)"
4852,Hex,"(0.36739099999999997, 0.665051, 0.806522, 0.938896)"
4853,Hex,"(0.371739, 0.6375219999999999, 0.815217, 0.9012239999999999)"
4854,Hex,"(0.363043, 0.636073, 0.7956519999999999, 0.934549)"
4862,Hex,"(0.145652, 0.7011959999999999, 0.354348, 1.0)"
4876,DentalStar,"(0.43043499999999996, 0.838174, 0.5521739999999999, 0.981675)"
4877,DentalStar,"(0.29347799999999996, 0.818606, 0.428261, 0.9751519999999999)"
4878,DentalStar,"(0.297826, 0.838174, 0.434783, 0.9621069999999999)"
4879,DentalStar,"(0.278261, 0.812083, 0.415217, 0.9294929999999999)"
4891,DentalStar,"(0.5, 0.805561, 0.6608700000000001, 0.9849359999999999)"
4892,DentalStar,"(0.371739, 0.9262319999999999, 0.554348, 1.0)"
4915,Hex,"(0.445652, 0.833125, 0.745652, 1.0)"
4916,Hex,"(0.406522, 0.7780659999999999, 0.673913, 0.9461400000000001)"
4917,Hex,"(0.282609, 0.932754, 0.395652, 1.0)"
4951,DentalKong,"(0.7108700000000001, 0.5674800000000001, 0.8326089999999999, 0.8512200000000001)"
4952,DentalKong,"(0.6195649999999999, 0.49573000000000006, 0.752174, 0.7599009999999999)"
4953,DentalStar,"(0.665217, 0.838174, 0.86087, 0.991459)"
4966,Hex,"(0.445652, 0.280479, 0.48913000000000006, 0.420718)"
4966,DentalStar,"(0.32608699999999996, 0.769685, 0.406522, 0.8805719999999999)"
4971,Hex,"(0.31521699999999997, 0.45333199999999996, 0.426087, 0.6098779999999999)"
4971,DentalStar,"(0.278261, 0.8936179999999999, 0.41956499999999997, 1.0)"
4988,DentalStar,"(0.7260869999999999, 0.7824129999999999, 1.0, 0.893979)"
4989,DentalStar,"(0.747826, 0.7070700000000001, 1.0, 0.833125)"
4990,DentalStar,"(0.715217, 0.74619, 0.9760869999999999, 0.859205)"
4991,DentalStar,"(0.721739, 0.734599, 1.0, 0.857757)"
4991,DentalStar,"(0.713043, 0.734599, 1.0, 0.8534100000000001)"
4992,DentalStar,"(0.747826, 0.725905, 1.0, 0.847614)"
4997,DentalStar,"(0.606522, 0.805561, 0.778261, 0.9751519999999999)"
4997,Hex,"(0.6195649999999999, 0.420718, 0.734783, 0.635969)"
4998,Hex,"(0.636957, 0.528343, 0.747826, 0.7338100000000001)"
4998,DentalStar,"(0.597826, 0.825129, 0.778261, 1.0)"
4999,DentalStar,"(0.6608700000000001, 0.838174, 0.85, 1.0)"
4999,Hex,"(0.608696, 0.368536, 0.743478, 0.5707409999999999)"
5000,DentalStar,"(0.719565, 0.9425389999999999, 0.8413039999999999, 1.0)"
5000,Hex,"(0.6913039999999999, 0.427241, 0.83913, 0.6848900000000001)"
5002,Kong,"(0.5086959999999999, 0.388104, 0.613043, 0.49899099999999996)"
5003,Kong,"(0.51087, 0.375059, 0.630435, 0.489207)"
5004,Hex,"(0.386957, 0.585361, 0.630435, 0.738946)"
5004,DentalStar,"(0.252174, 0.8302269999999999, 0.6217389999999999, 1.0)"
5005,Hex,"(0.332609, 0.47959, 0.5195649999999999, 0.678091)"
5005,DentalStar,"(0.18913000000000002, 0.8447159999999999, 0.576087, 1.0)"
5006,DentalStar,"(0.09347799999999999, 0.856308, 0.5173909999999999, 1.0)"
5006,Hex,"(0.234783, 0.656358, 0.48260899999999995, 0.863552)"
5007,Hex,"(0.530435, 0.746856, 0.697826, 0.991459)"
5007,DentalStar,"(0.297826, 0.8903559999999999, 0.51087, 1.0)"
5008,DentalStar,"(0.247826, 0.909925, 0.456522, 1.0)"
5008,Hex,"(0.454348, 0.34570599999999996, 0.58913, 0.593571)"
5009,DentalStar,"(0.34565199999999996, 0.936016, 0.48913000000000006, 1.0)"
5009,Hex,"(0.5086959999999999, 0.792515, 0.673913, 1.0)"
5010,Hex,"(0.476087, 0.776208, 0.641304, 1.0)"
5011,Hex,"(0.49130399999999996, 0.6098779999999999, 0.628261, 0.8479589999999999)"
5011,DentalStar,"(0.317391, 0.841436, 0.528261, 1.0)"
5021,Hex,"(0.31087000000000004, 0.652276, 0.41087, 0.7599009999999999)"
5022,Hex,"(0.35000000000000003, 0.642492, 0.43913, 0.7338100000000001)"
5023,Hex,"(0.4, 0.671844, 0.49130399999999996, 0.7566400000000001)"
5024,DentalKong,"(0.6956519999999999, 0.313092, 0.9021739999999999, 0.6685829999999999)"
5025,DentalKong,"(0.602174, 0.375059, 0.823913, 0.626185)"
5032,Hex,"(0.48913000000000006, 0.531605, 0.573913, 0.6555369999999999)"
5033,Hex,"(0.476087, 0.59031, 0.5521739999999999, 0.707719)"
5034,Hex,"(0.486957, 0.6066159999999999, 0.563043, 0.7142419999999999)"
5035,Hex,"(0.495652, 0.577264, 0.565217, 0.688151)"
5036,Hex,"(0.495652, 0.613139, 0.576087, 0.743594)"
5037,Hex,"(0.39782599999999996, 0.47290000000000004, 0.467391, 0.583787)"
5038,Hex,"(0.406522, 0.505514, 0.51087, 0.626185)"
5039,Hex,"(0.30869599999999997, 0.782731, 0.456522, 0.9458000000000001)"
5042,DentalKong,"(0.43043499999999996, 0.254388, 0.523913, 0.443548)"
5058,DentalKong,"(0.17213099999999998, 0.913053, 0.334016, 1.0)"
5090,Unknown,"(0.752174, 0.2666, 0.823913, 0.33904599999999996)"
5090,Dumbbell,"(0.21304299999999998, 0.598401, 0.847826, 1.0)"
5091,Dumbbell,"(0.30652199999999996, 0.620135, 1.0, 1.0)"
5091,Zyro,"(0.26304299999999997, 0.734599, 0.428261, 0.8534100000000001)"
5091,Hex,"(0.8, 0.055059, 0.9413039999999999, 0.144891)"
5093,Grenade,"(0.732609, 0.8479589999999999, 0.845652, 0.981675)"
5152,Hex,"(0.0, 0.8805719999999999, 0.126087, 1.0)"
5152,Grenade,"(0.6217389999999999, 0.7338100000000001, 0.702174, 0.870788)"
5153,Hex,"(0.091304, 0.769685, 0.223913, 0.9686300000000001)"
5153,Grenade,"(0.665217, 0.635969, 0.773913, 0.7859919999999999)"
5154,Hex,"(0.178261, 0.743594, 0.31521699999999997, 0.9523229999999999)"
5154,Grenade,"(0.7282609999999999, 0.6685829999999999, 0.86087, 0.821867)"
5155,Grenade,"(0.593478, 0.578116, 0.791304, 0.6737449999999999)"
5156,Grenade,"(0.641304, 0.5911569999999999, 0.845652, 0.678091)"
5157,Grenade,"(0.569565, 0.585361, 0.776087, 0.67954)"
5158,Grenade,"(0.602174, 0.602748, 0.8108700000000001, 0.6954779999999999)"
5159,Grenade,"(0.5847829999999999, 0.614339, 0.791304, 0.7070700000000001)"
5160,Grenade,"(0.497826, 0.578116, 0.702174, 0.6737449999999999)"
5161,Grenade,"(0.526087, 0.638971, 0.7260869999999999, 0.7360479999999999)"
5162,Grenade,"(0.534783, 0.647664, 0.7391300000000001, 0.7403949999999999)"
5198,Grenade,"(0.0, 0.35222899999999996, 0.102174, 0.505514)"
5203,Hex,"(0.032609, 0.753379, 0.14782599999999999, 0.9392769999999999)"
5203,Grenade,"(0.49347799999999997, 0.622923, 0.597826, 0.7729469999999999)"
5204,Hex,"(0.045652, 0.694674, 0.15434799999999999, 0.8805719999999999)"
5204,Grenade,"(0.5086959999999999, 0.5707409999999999, 0.613043, 0.727287)"
5212,Hex,"(0.115217, 0.834913, 0.24565199999999998, 1.0)"
5212,Grenade,"(0.630435, 0.7859919999999999, 0.745652, 0.9131859999999999)"
5213,Hex,"(0.480435, 0.547912, 0.606522, 0.753379)"
5214,Hex,"(0.641304, 0.580525, 0.7565219999999999, 0.782731)"
5215,Hex,"(0.7565219999999999, 0.7011959999999999, 0.886957, 0.9034019999999999)"
5216,Hex,"(0.665217, 0.518559, 0.8021739999999999, 0.737072)"
5217,Hex,"(0.702174, 0.6914119999999999, 0.8304349999999999, 0.900141)"
5233,Hex,"(0.241304, 0.466377, 0.34565199999999996, 0.6555369999999999)"
5234,Hex,"(0.29565199999999997, 0.551173, 0.41087, 0.717503)"
5279,Kong,"(0.22608699999999998, 0.688151, 0.334783, 0.8577429999999999)"
5280,Kong,"(0.215217, 0.743594, 0.332609, 0.909925)"
5282,Kong,"(0.236957, 0.7794700000000001, 0.354348, 0.9523229999999999)"
5464,Kong,"(0.323913, 0.6288279999999999, 0.528261, 0.750537)"
5465,Kong,"(0.16087, 0.763577, 0.445652, 0.930202)"
5466,Kong,"(0.215217, 0.74619, 0.495652, 0.909917)"
5468,Kong,"(0.043477999999999996, 0.766475, 0.30869599999999997, 0.9171619999999999)"
5469,Kong,"(0.058696, 0.795453, 0.323913, 0.9475889999999999)"
5470,Kong,"(0.171739, 0.7737200000000001, 0.45217399999999996, 0.934549)"
5471,Kong,"(0.08043499999999999, 0.7737200000000001, 0.37826099999999996, 0.9461400000000001)"
5474,Kong,"(0.11304299999999999, 0.775168, 0.38043499999999997, 0.9273039999999999)"
5475,Kong,"(0.258696, 0.770822, 0.463043, 0.883837)"
5476,Kong,"(0.480435, 0.7729469999999999, 0.617391, 0.965368)"
5477,Kong,"(0.423913, 0.724026, 0.558696, 0.9034019999999999)"
5491,Kong,"(0.423913, 0.6685829999999999, 0.5173909999999999, 0.7990379999999999)"
5492,Kong,"(0.43913, 0.649014, 0.528261, 0.7794700000000001)"
5501,Kong,"(0.31304299999999996, 0.74619, 0.5086959999999999, 0.859205)"
5502,Kong,"(0.41739099999999996, 0.766424, 0.571739, 0.9490609999999999)"
5503,Kong,"(0.436957, 0.8088219999999999, 0.5847829999999999, 0.994721)"
5521,DentalStar,"(0.078261, 0.0, 0.163043, 0.104364)"
5522,DentalStar,"(0.0, 0.0, 0.15, 0.061966)"
5522,DentalStar,"(0.082609, 0.045659, 0.21087000000000003, 0.215251)"
5531,LuckyCloverChew,"(0.25434799999999996, 0.055443, 0.415217, 0.290263)"
5531,DentalStar,"(0.013042999999999999, 0.016307, 0.234783, 0.32287699999999997)"
5531,Hex,"(0.15434799999999999, 0.39788799999999996, 0.25434799999999996, 0.6653209999999999)"
5532,Hex,"(0.16739099999999998, 0.423979, 0.271739, 0.671844)"
5532,DentalStar,"(0.021738999999999998, 0.026091, 0.247826, 0.34570599999999996)"
5532,LuckyCloverChew,"(0.258696, 0.078273, 0.463043, 0.329399)"
5533,Hex,"(0.163043, 0.841436, 0.332609, 1.0)"
5533,LuckyCloverChew,"(0.267391, 0.5446500000000001, 0.354348, 0.812083)"
5533,DentalStar,"(0.006522, 0.47290000000000004, 0.24565199999999998, 0.7957759999999999)"
5534,Hex,"(0.165217, 0.8283900000000001, 0.332609, 1.0)"
5534,DentalStar,"(0.008695999999999999, 0.45659299999999997, 0.258696, 0.805561)"
5534,LuckyCloverChew,"(0.258696, 0.541389, 0.36087, 0.802299)"
5548,Unknown,"(0.0, 0.8577429999999999, 0.052174, 1.0)"
5548,DentalStar,"(0.11304299999999999, 0.035875, 0.30000000000000004, 0.293524)"
5548,Zyro,"(0.773913, 0.5674800000000001, 0.930435, 0.8088219999999999)"
5549,Unknown,"(0.0, 0.8088219999999999, 0.095652, 1.0)"
5549,Hex,"(0.191304, 0.339183, 0.24565199999999998, 0.43376299999999995)"
5549,Unknown,"(0.75, 0.9621069999999999, 0.826087, 1.0)"
5549,DentalStar,"(0.132609, 0.0, 0.32826099999999997, 0.254388)"
5549,Zyro,"(0.808696, 0.508775, 0.963043, 0.753379)"
5550,Unknown,"(0.782609, 0.9392769999999999, 0.8717389999999999, 1.0)"
5550,DentalStar,"(0.130435, 0.019568, 0.330435, 0.300047)"
5550,Unknown,"(0.026087, 0.8577429999999999, 0.145652, 1.0)"
5550,Zyro,"(0.8282609999999999, 0.48594499999999996, 0.984783, 0.7338100000000001)"
5550,Hex,"(0.208696, 0.35549000000000003, 0.258696, 0.45659299999999997)"
5551,DentalStar,"(0.14130399999999999, 0.0, 0.330435, 0.238081)"
5551,Hex,"(0.21304299999999998, 0.30983099999999997, 0.278261, 0.5446500000000001)"
5551,Unknown,"(0.021738999999999998, 0.7957759999999999, 0.15, 0.9751519999999999)"
5551,Unknown,"(0.754348, 0.906663, 0.884783, 1.0)"
5551,Zyro,"(0.836957, 0.45007, 0.986957, 0.694674)"
5592,Kong,"(0.645652, 0.8903559999999999, 0.8282609999999999, 1.0)"
5592,DentalStar,"(0.0, 0.0, 0.152174, 0.130455)"
5592,Zyro,"(0.736957, 0.5609569999999999, 0.8695649999999999, 0.7794700000000001)"
5592,Unknown,"(0.0, 0.724026, 0.065217, 0.834913)"
5593,Zyro,"(0.745652, 0.5609569999999999, 0.884783, 0.769685)"
5593,Unknown,"(0.0, 0.724026, 0.078261, 0.838174)"
5593,DentalStar,"(0.0, 0.0, 0.18043499999999998, 0.120671)"
5593,Kong,"(0.658696, 0.877311, 0.8304349999999999, 1.0)"
5594,Kong,"(0.752174, 0.936016, 0.882609, 1.0)"
5594,Unknown,"(0.280435, 0.127194, 0.43260899999999997, 0.267433)"
5594,Zyro,"(0.743478, 0.5740029999999999, 0.9, 0.815345)"
5595,Zyro,"(0.754348, 0.547912, 0.9, 0.812083)"
5595,Kong,"(0.776087, 0.916447, 0.880435, 1.0)"
5595,Unknown,"(0.297826, 0.120671, 0.47173899999999996, 0.234819)"
5596,Kong,"(0.776087, 0.916447, 0.882609, 1.0)"
5596,Unknown,"(0.29565199999999997, 0.107626, 0.436957, 0.241342)"
5596,Zyro,"(0.7586959999999999, 0.547912, 0.9130429999999999, 0.7990379999999999)"
5603,S-shapedToy,"(0.5521739999999999, 0.6848900000000001, 0.643478, 0.9229700000000001)"
5604,S-shapedToy,"(0.554348, 0.6653209999999999, 0.671739, 0.8740500000000001)"
5605,S-shapedToy,"(0.528261, 0.688151, 0.6217389999999999, 0.861004)"
5606,S-shapedToy,"(0.534783, 0.6392300000000001, 0.658696, 0.805561)"
5607,S-shapedToy,"(0.456522, 0.720765, 0.6217389999999999, 0.900141)"
5608,S-shapedToy,"(0.630435, 0.531605, 0.784783, 0.720765)"
5609,S-shapedToy,"(0.495652, 0.44680899999999996, 0.6543479999999999, 0.717503)"
5610,S-shapedToy,"(0.46956499999999995, 0.476161, 0.615217, 0.737072)"
5611,S-shapedToy,"(0.465217, 0.482684, 0.593478, 0.6653209999999999)"
5623,S-shapedToy,"(0.191304, 0.427429, 0.5804349999999999, 0.67954)"
5624,S-shapedToy,"(0.230435, 0.414389, 0.604348, 0.686785)"
5625,S-shapedToy,"(0.243478, 0.41004199999999996, 0.58913, 0.676642)"
5626,S-shapedToy,"(0.21304299999999998, 0.43032699999999996, 0.567391, 0.688234)"
5627,S-shapedToy,"(0.230435, 0.45061199999999996, 0.6000000000000001, 0.718661)"
5674,Kong,"(0.554348, 0.769373, 0.793478, 0.976567)"
5675,Kong,"(0.39782599999999996, 0.312965, 0.65, 0.50712)"
5676,Kong,"(0.486957, 0.415838, 0.7891300000000001, 0.585361)"
5677,Kong,"(0.48913000000000006, 0.366575, 0.8021739999999999, 0.562178)"
5927,Hex,"(0.462929, 0.36081599999999997, 0.6455700000000001, 0.62668)"
5928,Hex,"(0.37613, 0.081387, 0.600362, 0.415074)"
5937,Hex,"(0.21519000000000002, 0.767741, 0.41229699999999997, 0.915986)"
5938,Hex,"(0.296564, 0.802693, 0.48824599999999996, 0.9437059999999999)"
5939,Hex,"(0.538879, 0.748761, 0.6636529999999999, 0.96308)"
5940,Hex,"(0.518987, 0.732483, 0.647378, 0.949515)"
5941,Hex,"(0.515371, 0.718919, 0.669078, 0.946803)"
5942,Hex,"(0.638336, 0.832861, 0.793852, 1.0)"
5975,Hex,"(0.28695699999999996, 0.841818, 0.602174, 1.0)"
5999,Hex,"(0.947826, 0.658799, 1.0, 0.8740500000000001)"
5999,DentalStar,"(0.24565199999999998, 0.841436, 0.456522, 1.0)"
6035,Kong,"(0.0, 0.595503, 0.221739, 0.717212)"
6035,DentalStar,"(0.721739, 0.911366, 1.0, 1.0)"
6036,Kong,"(0.0, 0.6433169999999999, 0.136957, 0.8026979999999999)"
6037,Kong,"(0.0, 0.7070700000000001, 0.21956499999999998, 0.837472)"
6053,Hex,"(0.473913, 0.0, 0.6195649999999999, 0.061966)"
6080,Hex,"(0.043477999999999996, 0.43322499999999997, 0.25, 0.5911569999999999)"
6080,Kong,"(0.25434799999999996, 0.557832, 0.43260899999999997, 0.682438)"
6081,Hex,"(0.0, 0.465101, 0.178261, 0.6172369999999999)"
6081,Kong,"(0.22608699999999998, 0.57377, 0.386957, 0.708518)"
6222,Ziggs,"(0.0, 0.916109, 0.16666699999999998, 1.0)"
6320,Ziggs,"(0.20308099999999998, 0.5589109999999999, 0.394958, 0.8068489999999999)"
6321,Ziggs,"(0.09944000000000001, 0.5883269999999999, 0.281513, 0.842569)"
6322,Ziggs,"(0.168067, 0.567315, 0.34593799999999997, 0.823658)"
6330,Grenade,"(0.25070000000000003, 0.577821, 0.390756, 0.762724)"
6331,Grenade,"(0.0, 0.714397, 0.061625, 0.8803900000000001)"
6331,Grenade,"(0.31512599999999996, 0.569417, 0.457983, 0.735409)"
6332,Grenade,"(0.159664, 0.458055, 0.21148499999999998, 0.584125)"
6336,Grenade,"(0.6498600000000001, 0.800545, 0.8081229999999999, 0.9980549999999999)"
6341,Ziggs,"(0.40196099999999996, 0.779534, 0.621849, 1.0)"
6345,Ziggs,"(0.04902, 0.0, 0.20868299999999998, 0.147082)"
6346,Ziggs,"(0.098039, 0.0, 0.23249299999999998, 0.189105)"
6347,Ziggs,"(0.028010999999999998, 0.17019499999999999, 0.16386599999999998, 0.344592)"
6349,Ziggs,"(0.028010999999999998, 0.069339, 0.191877, 0.296265)"
6384,Hex,"(0.30652199999999996, 0.518559, 0.467391, 0.7859919999999999)"
6385,Hex,"(0.243478, 0.564219, 0.458696, 0.9034019999999999)"
6386,Hex,"(0.228261, 0.5707409999999999, 0.406522, 0.861004)"
6387,Hex,"(0.208696, 0.547912, 0.426087, 0.8740500000000001)"
6391,LuckyCloverChew,"(0.22608699999999998, 0.48594499999999996, 0.421739, 0.932754)"
6392,LuckyCloverChew,"(0.16087, 0.362013, 0.391304, 0.932754)"
6393,LuckyCloverChew,"(0.27391299999999996, 0.43376299999999995, 0.5195649999999999, 0.8512200000000001)"
6394,LuckyCloverChew,"(0.384783, 0.593571, 0.5608700000000001, 1.0)"
6395,LuckyCloverChew,"(0.391304, 0.6066159999999999, 0.630435, 1.0)"
6396,LuckyCloverChew,"(0.323913, 0.6066159999999999, 0.573913, 0.864265)"
6397,LuckyCloverChew,"(0.258696, 0.541389, 0.506522, 0.841436)"
6398,LuckyCloverChew,"(0.208696, 0.528343, 0.521739, 0.802299)"
6399,LuckyCloverChew,"(0.130435, 0.730549, 0.45, 0.9621069999999999)"
6400,LuckyCloverChew,"(0.191304, 0.6653209999999999, 0.46087000000000006, 0.8675269999999999)"
6403,LuckyCloverChew,"(0.393478, 0.724457, 0.752174, 0.8606539999999999)"
6404,LuckyCloverChew,"(0.415217, 0.260804, 0.741304, 0.49118199999999995)"
6405,LuckyCloverChew,"(0.465217, 0.57377, 0.7695649999999999, 0.712865)"
6406,DentalKong,"(0.7282609999999999, 0.5674800000000001, 0.843478, 0.7794700000000001)"
6407,DentalKong,"(0.7673909999999999, 0.583787, 0.893478, 0.812083)"
6408,DentalKong,"(0.782609, 0.593571, 0.897826, 0.812083)"
6409,LuckyCloverChew,"(0.473913, 0.749088, 0.930435, 0.938896)"
6410,DentalKong,"(0.7956519999999999, 0.577264, 0.919565, 0.8088219999999999)"
6416,DentalKong,"(0.569565, 0.919709, 0.647826, 1.0)"
6445,LuckyCloverChew,"(0.0, 0.552268, 0.09297899999999999, 0.6775249999999999)"
6446,LuckyCloverChew,"(0.0, 0.552268, 0.111954, 0.6860649999999999)"
6447,LuckyCloverChew,"(0.0, 0.526648, 0.10056899999999999, 0.688912)"
6451,Kong,"(0.223909, 0.259054, 0.27324499999999996, 0.35869)"
6452,DentalKong,"(0.872865, 0.731613, 0.986717, 0.84833)"
6459,Kong,"(0.504348, 0.31441399999999997, 0.926087, 0.5607289999999999)"
6460,Kong,"(0.6000000000000001, 0.42453199999999996, 0.895652, 0.588259)"
6462,Kong,"(0.58913, 0.32745399999999997, 0.85, 0.449163)"
6463,Kong,"(0.608696, 0.702723, 0.882609, 0.867899)"
6464,Kong,"(0.65, 0.7519859999999999, 0.917391, 0.911366)"
6471,Hex,"(0.5152169999999999, 0.7501169999999999, 0.617391, 0.9229700000000001)"
6472,Hex,"(0.523913, 0.707719, 0.6195649999999999, 0.870788)"
6476,DentalStar,"(0.8695649999999999, 0.645753, 1.0, 0.8544809999999999)"
6477,DentalStar,"(0.876087, 0.645753, 1.0, 0.834913)"
6490,Hex,"(0.521739, 0.101103, 0.717391, 0.40441099999999996)"
6528,ChallengerBall,"(0.128261, 0.169592, 0.51087, 0.740333)"
6529,ChallengerBall,"(0.078261, 0.38106399999999996, 0.497826, 0.660704)"
6530,ChallengerBall,"(0.502174, 0.195603, 1.0, 0.601299)"
6531,ChallengerBall,"(0.5608700000000001, 0.21299, 1.0, 0.6259300000000001)"
6532,ChallengerBall,"(0.563043, 0.21154099999999998, 1.0, 0.615788)"
6533,ChallengerBall,"(0.0, 0.6196619999999999, 0.23260899999999998, 0.9967389999999999)"
6533,ChallengerBall,"(0.504348, 0.5381279999999999, 0.8326089999999999, 0.9967389999999999)"
6534,ChallengerBall,"(0.0021739999999999997, 0.33325000000000005, 0.421739, 0.672296)"
6535,ChallengerBall,"(0.0, 0.344841, 0.458696, 0.7940039999999999)"
6539,ChallengerBall,"(0.0, 0.301374, 0.443478, 0.7983509999999999)"
6540,ChallengerBall,"(0.680435, 0.36802399999999996, 1.0, 0.9200600000000001)"
6541,ChallengerBall,"(0.576087, 0.352086, 1.0, 0.9055709999999999)"
6543,ChallengerBall,"(0.771739, 0.40424699999999997, 1.0, 0.8606539999999999)"
6563,DentalStar,"(0.193548, 0.9622, 0.333966, 1.0)"
6569,DentalStar,"(0.121442, 0.9649709999999999, 0.38709699999999997, 1.0)"
6569,DentalStar,"(0.0, 0.9649709999999999, 0.055028, 1.0)"
6570,DentalStar,"(0.545652, 0.74619, 0.8326089999999999, 0.875143)"
6570,DentalStar,"(0.858696, 0.8099419999999999, 1.0, 0.911366)"
6571,DentalStar,"(0.48260899999999995, 0.7360479999999999, 0.7630429999999999, 0.8707969999999999)"
6571,DentalStar,"(0.7695649999999999, 0.792555, 1.0, 0.899775)"
6572,DentalStar,"(0.571739, 0.7317009999999999, 0.8673909999999999, 0.8707969999999999)"
6572,DentalStar,"(0.9, 0.7998000000000001, 1.0, 0.904122)"
6582,Kong,"(0.023913, 0.583787, 0.123913, 0.743594)"
6583,Kong,"(0.058696, 0.577264, 0.169565, 0.746856)"
6584,Kong,"(0.043477999999999996, 0.528343, 0.14782599999999999, 0.6848900000000001)"
6585,Kong,"(0.036957, 0.476161, 0.158696, 0.6392300000000001)"
6591,DentalStar,"(0.0, 0.427012, 0.191651, 0.6063569999999999)"
6592,DentalStar,"(0.0, 0.409931, 0.15939299999999998, 0.592123)"
6642,ChallengerBall,"(0.563043, 0.821867, 0.895652, 1.0)"
6643,ChallengerBall,"(0.5847829999999999, 0.694674, 0.947826, 1.0)"
6647,ChallengerBall,"(0.632609, 0.18691000000000002, 1.0, 0.604197)"
6648,ChallengerBall,"(0.573913, 0.194154, 1.0, 0.6172369999999999)"
6649,ChallengerBall,"(0.641304, 0.06809899999999999, 0.997826, 0.405696)"
6650,ChallengerBall,"(0.554348, 0.023183, 1.0, 0.37671699999999997)"
6651,ChallengerBall,"(0.541304, 0.152136, 1.0, 0.50712)"
6652,ChallengerBall,"(0.626087, 0.111566, 1.0, 0.467999)"
6653,ChallengerBall,"(0.5826089999999999, 0.0, 1.0, 0.32021000000000005)"
6654,ChallengerBall,"(0.6869569999999999, 0.001449, 1.0, 0.22458199999999998)"
6695,Kong,"(0.8576849999999999, 0.8910309999999999, 0.9449719999999999, 1.0)"
6696,Kong,"(0.8842500000000001, 0.928039, 0.963947, 1.0)"
6697,Kong,"(0.899431, 0.939426, 0.9658439999999999, 1.0)"
