toy_id,jpg_id,toy,coordinates
0,34,Unknown,"(0, 4901, 587, 5472)"
1,38,Unknown,"(2728, 4477, 3648, 5355)"
2,60,DentalStar,"(2395, 3980, 3458, 4519)"
3,80,Dumbbell,"(1758, 2731, 5472, 3648)"
4,163,Grenade,"(2211, 1332, 2894, 2237)"
5,163,Grenade,"(973, 589, 1707, 1195)"
6,163,Grenade,"(2211, 1332, 2894, 2237)"
7,163,Grenade,"(973, 589, 1707, 1195)"
8,164,Grenade,"(2356, 1477, 3031, 2220)"
9,164,Grenade,"(1161, 683, 1870, 1332)"
10,164,Grenade,"(2356, 1477, 3031, 2220)"
11,164,Grenade,"(1161, 683, 1870, 1332)"
12,165,Grenade,"(999, 410, 1793, 1067)"
13,165,Grenade,"(1852, 1827, 2518, 2485)"
14,165,Grenade,"(999, 410, 1793, 1067)"
15,165,Grenade,"(1852, 1827, 2518, 2485)"
16,166,Grenade,"(2552, 1161, 3218, 1861)"
17,166,Grenade,"(2552, 1161, 3218, 1861)"
18,166,Grenade,"(1272, 367, 2083, 1042)"
19,166,Grenade,"(1272, 367, 2083, 1042)"
20,176,Kong,"(1013, 2803, 1821, 3570)"
21,177,Kong,"(550, 2405, 1510, 3225)"
22,178,Kong,"(679, 2183, 1698, 2950)"
23,179,Kong,"(404, 4208, 1329, 5156)"
24,180,Kong,"(2383, 2587, 3343, 3465)"
25,199,Grenade,"(3062, 3455, 3648, 4344)"
26,216,Kong,"(1030, 4401, 1662, 4980)"
27,217,Kong,"(1124, 4383, 1785, 4887)"
28,218,Kong,"(1235, 4746, 1815, 5255)"
29,219,Kong,"(1071, 4705, 1657, 5214)"
30,276,Grenade,"(2658, 4465, 3395, 5183)"
31,342,Grenade,"(0, 3401, 1063, 4273)"
32,352,Unknown,"(1860, 5248, 3265, 5472)"
33,352,LuckyCloverChew,"(0, 2979, 347, 3905)"
34,388,MegalastBall,"(1689, 3996, 2173, 4440)"
35,389,MegalastBall,"(1150, 4392, 1546, 4868)"
36,392,MegalastBall,"(960, 4321, 1427, 4789)"
37,393,MegalastBall,"(1237, 4353, 1657, 4820)"
38,394,MegalastBall,"(682, 3750, 1150, 4258)"
39,410,MegalastBall,"(2641, 2569, 3474, 3465)"
40,411,MegalastBall,"(2990, 3489, 3648, 4226)"
41,413,Grenade,"(428, 3639, 1118, 4123)"
42,414,LuckyCloverChew,"(928, 2172, 1768, 2830)"
43,414,Grenade,"(3281, 3188, 3648, 3651)"
44,415,LuckyCloverChew,"(904, 2379, 1665, 3029)"
45,415,Grenade,"(3212, 3314, 3648, 3822)"
46,416,LuckyCloverChew,"(896, 2941, 1705, 3552)"
47,416,Grenade,"(3251, 3790, 3648, 4281)"
48,417,Grenade,"(2958, 3623, 3624, 4155)"
49,417,LuckyCloverChew,"(627, 2807, 1396, 3473)"
50,442,DentalStar,"(0, 4671, 376, 5401)"
51,454,DentalStar,"(2196, 4590, 3184, 5467)"
52,489,Ziggs,"(1493, 4026, 2728, 5437)"
53,490,Ziggs,"(1481, 4079, 2716, 5460)"
54,491,Ziggs,"(1101, 4108, 2183, 5273)"
55,492,BlueFrisbee,"(0, 0, 1328, 3072)"
56,493,BlueFrisbee,"(0, 0, 1498, 2755)"
57,494,BlueFrisbee,"(0, 0, 1567, 2755)"
58,495,BlueFrisbee,"(0, 0, 1583, 2802)"
59,496,BlueFrisbee,"(0, 0, 1384, 3098)"
60,497,BlueFrisbee,"(0, 0, 1522, 3397)"
61,498,BlueFrisbee,"(0, 0, 1735, 3269)"
62,499,BlueFrisbee,"(0, 0, 1119, 2539)"
63,505,BlueFrisbee,"(1729, 525, 3648, 5379)"
64,506,BlueFrisbee,"(2563, 1212, 3648, 4770)"
65,507,BlueFrisbee,"(2355, 787, 3648, 4229)"
66,508,BlueFrisbee,"(2293, 479, 3648, 3928)"
67,509,BlueFrisbee,"(2385, 1119, 3648, 4500)"
68,510,BlueFrisbee,"(2640, 980, 3648, 4415)"
69,511,BlueFrisbee,"(2494, 517, 3648, 4276)"
70,527,Dumbbell,"(2950, 4392, 3648, 5472)"
71,528,Dumbbell,"(2443, 4424, 3648, 5472)"
72,529,Dumbbell,"(2403, 4250, 3648, 5472)"
73,592,Kong,"(3569, 3036, 4189, 3606)"
74,593,Kong,"(3692, 2835, 4378, 3455)"
75,596,Kong,"(1503, 3867, 2083, 4605)"
76,598,Kong,"(2540, 3946, 3112, 4658)"
77,599,Kong,"(1714, 4271, 2549, 4921)"
78,607,Ziggs,"(1125, 2021, 1740, 2452)"
79,618,Ziggs,"(2162, 1178, 2848, 1714)"
80,624,BlueFrisbee,"(77, 0, 1390, 2748)"
81,625,Unknown,"(888, 3543, 1459, 4114)"
82,627,BlueFrisbee,"(216, 0, 1220, 4121)"
83,628,BlueFrisbee,"(247, 0, 1436, 4245)"
84,629,BlueFrisbee,"(2995, 424, 3648, 3350)"
85,629,Unknown,"(324, 4013, 1088, 4415)"
86,630,BlueFrisbee,"(2741, 772, 3648, 3805)"
87,630,Unknown,"(0, 4260, 494, 4770)"
88,631,BlueFrisbee,"(2185, 0, 3648, 2902)"
89,632,BlueFrisbee,"(2293, 0, 3648, 3272)"
90,657,BlueFrisbee,"(0, 1443, 880, 5449)"
91,658,BlueFrisbee,"(0, 440, 1127, 4322)"
92,708,Kong,"(2252, 3954, 2902, 4605)"
93,709,Kong,"(1082, 3377, 1798, 3991)"
94,716,Kong,"(637, 0, 1288, 458)"
95,723,MegalastBall,"(1731, 2167, 1924, 2367)"
96,737,Kong,"(2132, 3089, 2625, 3704)"
97,738,Kong,"(1888, 2145, 2525, 2825)"
98,739,Kong,"(2239, 2961, 2797, 3611)"
99,746,Kong,"(301, 1744, 856, 2363)"
100,747,Kong,"(615, 1909, 1109, 2496)"
101,748,Kong,"(730, 1795, 1187, 2360)"
102,749,Kong,"(3101, 0, 3648, 499)"
103,750,Kong,"(2740, 4798, 3240, 5371)"
104,805,Unknown,"(0, 5055, 309, 5472)"
105,812,Grenade,"(4426, 382, 5472, 1199)"
106,820,Ziggs,"(1019, 4029, 1891, 5071)"
107,832,Ziggs,"(3119, 4916, 3648, 5472)"
108,833,Ziggs,"(2787, 4785, 3648, 5472)"
109,879,DentalKong,"(997, 3176, 2166, 3648)"
110,938,Ziggs,"(0, 4183, 145, 4993)"
111,956,Kong,"(2522, 999, 3212, 1713)"
112,975,Kong,"(488, 2153, 2296, 3462)"
113,976,Kong,"(1356, 1428, 2569, 3260)"
114,977,Kong,"(1451, 1333, 2605, 3165)"
115,985,Kong,"(825, 2418, 2022, 3853)"
116,986,Kong,"(349, 1871, 1634, 2775)"
117,991,Grenade,"(1598, 3936, 2895, 5472)"
118,992,Grenade,"(1745, 4584, 2825, 5472)"
119,993,Ziggs,"(4520, 1142, 5472, 2106)"
120,993,Ziggs,"(4794, 2320, 5472, 3605)"
121,993,Ziggs,"(4520, 1142, 5472, 2106)"
122,993,Ziggs,"(4794, 2320, 5472, 3605)"
123,994,Ziggs,"(2260, 2772, 3771, 3648)"
124,995,Ziggs,"(2343, 2844, 3700, 3648)"
125,997,Ziggs,"(2950, 0, 4378, 428)"
126,997,Ziggs,"(4413, 440, 5472, 1999)"
127,997,Ziggs,"(2950, 0, 4378, 428)"
128,997,Ziggs,"(4413, 440, 5472, 1999)"
129,998,Ziggs,"(4532, 250, 5472, 1678)"
130,998,Ziggs,"(3176, 0, 4389, 226)"
131,998,Ziggs,"(3176, 0, 4389, 226)"
132,998,Ziggs,"(4532, 250, 5472, 1678)"
133,1008,Ziggs,"(3370, 4099, 3648, 4892)"
134,1032,DentalStar,"(2538, 3465, 3188, 3861)"
135,1044,Ziggs,"(1445, 3913, 2155, 4809)"
136,1045,Ziggs,"(1582, 4519, 2292, 5438)"
137,1050,Kong,"(2026, 2300, 2381, 2695)"
138,1051,Kong,"(2187, 3389, 2663, 4018)"
139,1055,Dumbbell,"(2244, 1602, 3648, 5249)"
140,1056,Dumbbell,"(650, 1609, 3442, 5312)"
141,1057,Dumbbell,"(753, 1348, 3545, 5066)"
142,1058,Dumbbell,"(523, 1625, 3386, 5312)"
143,1059,Dumbbell,"(579, 3726, 3148, 5472)"
144,1060,Dumbbell,"(0, 2894, 2688, 5472)"
145,1062,LuckyCloverChew,"(0, 0, 555, 769)"
146,1063,LuckyCloverChew,"(0, 190, 785, 896)"
147,1068,Dumbbell,"(389, 2275, 3148, 4686)"
148,1069,Dumbbell,"(159, 2022, 2942, 4503)"
149,1070,Dumbbell,"(254, 2228, 3077, 4773)"
150,1072,Dumbbell,"(349, 2307, 3156, 4583)"
151,1108,LuckyCloverChew,"(291, 2267, 888, 2768)"
152,1109,LuckyCloverChew,"(32, 2017, 678, 2566)"
153,1110,LuckyCloverChew,"(8, 1977, 581, 2534)"
154,1111,LuckyCloverChew,"(291, 1880, 912, 2421)"
155,1112,LuckyCloverChew,"(226, 1388, 936, 1961)"
156,1115,LuckyCloverChew,"(468, 3792, 1299, 4260)"
157,1116,LuckyCloverChew,"(944, 3663, 1703, 4115)"
158,1371,Ziggs,"(2602, 54, 3567, 633)"
159,1372,Ziggs,"(2725, 116, 3582, 687)"
160,1468,Ziggs,"(3413, 3441, 3648, 4103)"
161,1468,Ziggs,"(2611, 5197, 3629, 5472)"
162,1468,Grenade,"(2342, 3980, 2915, 4536)"
163,1468,Ziggs,"(3413, 3441, 3648, 4103)"
164,1468,Ziggs,"(2611, 5197, 3629, 5472)"
165,1468,DentalKong,"(603, 2399, 1376, 3236)"
166,1469,Ziggs,"(2464, 5150, 3501, 5472)"
167,1469,Ziggs,"(3348, 3348, 3648, 4103)"
168,1469,Ziggs,"(2464, 5150, 3501, 5472)"
169,1469,Ziggs,"(3348, 3348, 3648, 4103)"
170,1469,DentalKong,"(503, 2341, 1253, 3149)"
171,1469,Grenade,"(2219, 3904, 2816, 4512)"
172,1534,Grenade,"(619, 4670, 1197, 5090)"
173,1535,Grenade,"(500, 4733, 1055, 5130)"
174,1536,Grenade,"(706, 4678, 1301, 5138)"
175,1540,DentalKong,"(2728, 4559, 3402, 5058)"
176,1541,DentalKong,"(2910, 4289, 3577, 4844)"
177,1543,Grenade,"(174, 2482, 349, 2680)"
178,1563,Grenade,"(2466, 4614, 2958, 5122)"
179,1566,MegalastBall,"(0, 3798, 214, 4281)"
180,1567,MegalastBall,"(726, 2629, 1237, 3129)"
181,1568,MegalastBall,"(1142, 2641, 1665, 3093)"
182,1569,MegalastBall,"(1427, 2891, 1939, 3355)"
183,1570,MegalastBall,"(1297, 2736, 1808, 3224)"
184,1571,MegalastBall,"(555, 3671, 1086, 4107)"
185,1572,MegalastBall,"(246, 3441, 738, 3901)"
186,1573,MegalastBall,"(357, 4353, 864, 4820)"
187,1574,MegalastBall,"(2224, 2177, 2688, 2606)"
188,1575,MegalastBall,"(3212, 2118, 3676, 2546)"
189,1584,Grenade,"(738, 1752, 1126, 2046)"
190,1585,Grenade,"(1285, 0, 1772, 297)"
191,1593,Grenade,"(2268, 1015, 2633, 1475)"
192,1594,MegalastBall,"(5187, 2177, 5472, 2689)"
193,1594,Zyro,"(3616, 2118, 4211, 2736)"
194,1595,MegalastBall,"(5175, 2344, 5472, 2855)"
195,1595,Zyro,"(3581, 2284, 4140, 2844)"
196,1596,Grenade,"(928, 1451, 1475, 1855)"
197,1597,Grenade,"(991, 1554, 1475, 1903)"
198,1600,Kong,"(627, 3378, 1031, 3790)"
199,1601,Kong,"(476, 3473, 904, 3845)"
200,1602,Kong,"(999, 3544, 1404, 3956)"
201,1603,Kong,"(333, 3243, 745, 3655)"
202,1604,Kong,"(95, 3853, 627, 4273)"
203,1605,DentalStar,"(3053, 1855, 3592, 2299)"
204,1605,Grenade,"(1919, 3108, 2339, 3544)"
205,1610,Grenade,"(2538, 3536, 2855, 3988)"
206,1611,Grenade,"(2451, 4273, 2784, 4725)"
207,1620,Grenade,"(2300, 3187, 2680, 3655)"
208,1628,Kong,"(539, 3045, 1079, 3718)"
209,1629,Kong,"(404, 3338, 880, 3948)"
210,1630,Kong,"(817, 3703, 1150, 4083)"
211,1631,Kong,"(468, 3837, 904, 4266)"
212,1632,Kong,"(745, 3679, 1102, 4281)"
213,1633,Kong,"(627, 3726, 1015, 4416)"
214,1634,Kong,"(420, 3417, 674, 3814)"
215,1635,Kong,"(1158, 4733, 1340, 5035)"
216,1636,Kong,"(769, 5082, 1086, 5472)"
217,1672,DentalStar,"(160, 1849, 850, 2367)"
218,1673,Kong,"(5189, 2342, 5472, 2909)"
219,1673,DentalStar,"(0, 2330, 702, 2687)"
220,1674,DentalStar,"(0, 5126, 526, 5472)"
221,1675,Kong,"(5238, 2934, 5472, 3377)"
222,1675,DentalStar,"(283, 2675, 949, 3082)"
223,1676,DentalStar,"(567, 2638, 1269, 3020)"
224,1677,DentalStar,"(542, 2515, 1245, 2884)"
225,1678,DentalStar,"(789, 2342, 1454, 2736)"
226,1679,Kong,"(4504, 1824, 4936, 2296)"
227,1680,DentalStar,"(0, 2560, 520, 2920)"
228,1680,Kong,"(4752, 960, 5152, 1416)"
229,1681,Kong,"(4480, 928, 4864, 1328)"
230,1681,DentalStar,"(0, 2584, 432, 2920)"
231,1682,Kong,"(4152, 1224, 4456, 1416)"
232,1682,DentalStar,"(216, 2472, 640, 2808)"
233,1683,Kong,"(3960, 2656, 4368, 3008)"
234,1684,Kong,"(1780, 4465, 2213, 4904)"
235,1685,Kong,"(2213, 3962, 2658, 4430)"
236,1686,Kong,"(3672, 3144, 4080, 3593)"
237,1687,Kong,"(3249, 4319, 3648, 4764)"
238,1688,DentalStar,"(0, 4512, 146, 4740)"
239,1689,DentalStar,"(4120, 816, 4904, 1216)"
240,1689,Grenade,"(1120, 1080, 1400, 1568)"
241,1690,Grenade,"(1192, 872, 1752, 1392)"
242,1690,DentalStar,"(4304, 720, 5072, 1120)"
243,1691,DentalStar,"(4336, 1024, 5144, 1448)"
244,1691,Grenade,"(1200, 1176, 1776, 1752)"
245,1692,DentalStar,"(4080, 1240, 4872, 1664)"
246,1692,Grenade,"(968, 1496, 1584, 2016)"
247,1693,DentalStar,"(4192, 1328, 4992, 1736)"
248,1693,Grenade,"(1032, 1584, 1592, 2112)"
249,1694,DentalStar,"(4160, 1464, 4912, 1880)"
250,1694,Grenade,"(952, 1736, 1528, 2176)"
251,1695,Grenade,"(240, 2692, 644, 3125)"
252,1695,DentalStar,"(3278, 2294, 3648, 2657)"
253,1696,DentalStar,"(3473, 1831, 3648, 2174)"
254,1697,DentalStar,"(2806, 2076, 3592, 2420)"
255,1700,Kong,"(3083, 1642, 3409, 2010)"
256,1701,Kong,"(652, 3051, 1031, 3451)"
257,1702,Kong,"(1193, 1887, 1564, 2286)"
258,1703,Kong,"(1101, 2567, 1501, 2925)"
259,1704,Kong,"(1880, 3956, 2252, 4362)"
260,1705,Kong,"(3757, 2063, 4146, 2431)"
261,1706,Kong,"(3003, 3331, 3339, 3640)"
262,1709,Kong,"(3546, 2179, 3894, 2568)"
263,1709,DentalStar,"(0, 2536, 442, 2863)"
264,1710,DentalStar,"(0, 2694, 589, 3063)"
265,1710,Kong,"(3673, 2305, 3978, 2610)"
266,1711,DentalStar,"(168, 2684, 884, 2978)"
267,1711,Kong,"(3978, 2242, 4262, 2621)"
268,1712,Kong,"(3269, 2946, 3459, 3261)"
269,1713,Kong,"(3550, 3977, 3648, 4355)"
270,1713,DentalStar,"(0, 5050, 414, 5358)"
271,1718,Kong,"(1607, 2293, 2294, 2918)"
272,1719,Kong,"(1249, 1136, 1957, 1936)"
273,1720,Kong,"(1326, 2020, 1936, 2770)"
274,1743,Kong,"(4714, 2252, 5409, 2926)"
275,1745,Kong,"(3494, 3528, 3648, 3956)"
276,1759,DentalStar,"(407, 933, 1031, 1382)"
277,1759,Kong,"(0, 1515, 407, 1894)"
278,1765,Grenade,"(582, 2455, 1087, 3317)"
279,1766,Grenade,"(456, 2812, 996, 3724)"
280,1781,Grenade,"(1873, 2357, 2343, 2749)"
281,1781,Kong,"(1726, 1634, 2175, 2118)"
282,1782,Kong,"(1663, 1915, 2013, 2378)"
283,1782,Grenade,"(1936, 2378, 2280, 2609)"
284,1783,Kong,"(2736, 1021, 3157, 1410)"
285,1783,Grenade,"(3031, 1505, 3441, 1863)"
286,1784,Kong,"(2547, 1179, 2925, 1505)"
287,1784,Grenade,"(3178, 1537, 3567, 1873)"
288,1785,Kong,"(2589, 1221, 2925, 1621)"
289,1785,Grenade,"(3252, 1694, 3673, 2063)"
290,1786,Kong,"(2852, 1379, 3252, 1800)"
291,1786,Grenade,"(3163, 1484, 3567, 1822)"
292,1787,Grenade,"(3010, 1526, 3378, 1968)"
293,1795,DentalStar,"(3736, 2515, 4388, 3063)"
294,1795,Kong,"(5240, 2421, 5472, 2831)"
295,1796,Kong,"(4998, 2526, 5377, 2894)"
296,1796,DentalStar,"(3441, 2600, 4157, 3136)"
297,1797,DentalStar,"(2631, 3640, 3276, 4138)"
298,1798,DentalStar,"(2680, 3542, 3353, 4082)"
299,1799,Kong,"(5156, 2747, 5472, 3147)"
300,1799,DentalStar,"(3609, 2736, 4262, 3263)"
301,1800,DentalStar,"(3851, 2379, 4567, 2947)"
302,1801,Kong,"(5325, 2547, 5472, 2884)"
303,1801,DentalStar,"(3746, 2536, 4462, 3063)"
304,1802,DentalStar,"(3694, 2336, 4336, 2884)"
305,1802,Kong,"(5198, 2358, 5472, 2726)"
306,1803,DentalStar,"(2768, 2347, 3441, 2926)"
307,1803,Kong,"(4430, 2442, 4799, 2831)"
308,1804,DentalStar,"(4041, 2736, 4809, 3273)"
309,1819,Kong,"(3609, 1789, 3967, 2168)"
310,1820,Kong,"(4451, 1421, 4809, 1831)"
311,1821,Grenade,"(989, 2957, 1357, 3399)"
312,1822,Grenade,"(652, 3031, 989, 3505)"
313,1823,DentalStar,"(4841, 2294, 5472, 2736)"
314,1824,DentalStar,"(2526, 1694, 2831, 2073)"
315,1825,Kong,"(3652, 1526, 3999, 1905)"
316,1826,Kong,"(3788, 1389, 4157, 1758)"
317,1826,DentalStar,"(3136, 1831, 3536, 2210)"
318,1827,Kong,"(4020, 1295, 4378, 1673)"
319,1827,DentalStar,"(3378, 1684, 3767, 2137)"
320,1828,Kong,"(4220, 1547, 4525, 1915)"
321,1828,DentalStar,"(3378, 1915, 3915, 2315)"
322,1829,Kong,"(4662, 1663, 4988, 1989)"
323,1829,DentalStar,"(3704, 1989, 4304, 2379)"
324,1830,Kong,"(3388, 1600, 3746, 1979)"
325,1830,DentalStar,"(2462, 1979, 3052, 2400)"
326,1831,Kong,"(3557, 1547, 3872, 1905)"
327,1831,DentalStar,"(2515, 1894, 3220, 2358)"
328,1832,Kong,"(3336, 1663, 3525, 1979)"
329,1832,DentalStar,"(2315, 1989, 3073, 2505)"
330,1833,Kong,"(4641, 1694, 4998, 2063)"
331,1833,DentalStar,"(3704, 2105, 4346, 2484)"
332,1834,Kong,"(4020, 3189, 4357, 3526)"
333,1835,Kong,"(5314, 2347, 5472, 2726)"
334,1835,DentalStar,"(4020, 2558, 4672, 2957)"
335,1836,Kong,"(5125, 2315, 5472, 2715)"
336,1836,DentalStar,"(3851, 2547, 4514, 2978)"
337,1837,Kong,"(5272, 2547, 5472, 2957)"
338,1837,DentalStar,"(3999, 2810, 4662, 3210)"
339,1838,Kong,"(1957, 3100, 2336, 3472)"
340,1838,DentalStar,"(2203, 3331, 2953, 3928)"
341,1839,Kong,"(1445, 2083, 1831, 2434)"
342,1839,DentalStar,"(1880, 3535, 2638, 4103)"
343,1840,Kong,"(1501, 1880, 1873, 2216)"
344,1840,DentalStar,"(1838, 3584, 2617, 4187)"
345,1841,Kong,"(1108, 2756, 1529, 3114)"
346,1841,DentalStar,"(1873, 4271, 2624, 4818)"
347,1846,Kong,"(4104, 895, 4535, 1389)"
348,1847,Kong,"(4209, 1400, 4620, 1894)"
349,1847,DentalStar,"(1336, 0, 2126, 495)"
350,1848,Kong,"(35, 3836, 477, 4278)"
351,1848,DentalStar,"(0, 3521, 491, 4061)"
352,1849,DentalStar,"(0, 4075, 575, 4664)"
353,1849,Kong,"(105, 4426, 554, 4853)"
354,1857,DentalStar,"(684, 2010, 1315, 2473)"
355,1858,DentalStar,"(663, 1768, 1326, 2263)"
356,1859,DentalStar,"(673, 2000, 1347, 2505)"
357,1860,DentalStar,"(926, 1905, 1610, 2442)"
358,1861,DentalStar,"(779, 2137, 1505, 2621)"
359,1862,DentalStar,"(779, 2252, 1421, 2736)"
360,1863,DentalStar,"(905, 2336, 1589, 2821)"
361,1864,DentalStar,"(716, 2494, 1442, 2957)"
362,1865,DentalStar,"(358, 2494, 1021, 3010)"
363,1866,DentalStar,"(1652, 2231, 2305, 2631)"
364,1867,DentalStar,"(1870, 2202, 2582, 2641)"
365,1868,DentalStar,"(2073, 2273, 2694, 2726)"
366,1869,DentalStar,"(2147, 2515, 2810, 2968)"
367,1870,DentalStar,"(2168, 2768, 2778, 3168)"
368,1873,DentalStar,"(2347, 1737, 2946, 2263)"
369,1874,DentalStar,"(1799, 2210, 2462, 2705)"
370,1875,DentalStar,"(2547, 2105, 3188, 2579)"
371,1876,Kong,"(35, 5225, 470, 5472)"
372,1876,DentalKong,"(1094, 2399, 1585, 3121)"
373,1877,DentalKong,"(1017, 2707, 1438, 3451)"
374,1877,Kong,"(0, 5351, 217, 5472)"
375,1878,DentalKong,"(2399, 1410, 2925, 2147)"
376,1878,Grenade,"(431, 2484, 873, 3021)"
377,1879,Kong,"(828, 5127, 1242, 5472)"
378,1879,DentalKong,"(1936, 3353, 2441, 3928)"
379,1879,Grenade,"(498, 3921, 898, 4419)"
380,1880,DentalKong,"(1943, 2623, 2448, 3317)"
381,1880,Grenade,"(196, 3100, 589, 3591)"
382,1880,Kong,"(498, 4320, 905, 4692)"
383,1881,DentalKong,"(1754, 2890, 2280, 3528)"
384,1881,Grenade,"(0, 3346, 372, 3850)"
385,1881,Kong,"(316, 4538, 744, 4966)"
386,1882,DentalKong,"(1212, 1119, 2077, 2107)"
387,1982,DentalStar,"(0, 2615, 787, 3332)"
388,1983,DentalStar,"(0, 2407, 833, 3182)"
389,1984,DentalStar,"(0, 2233, 821, 3020)"
390,1985,DentalStar,"(0, 2418, 694, 3159)"
391,1986,DentalStar,"(0, 2326, 729, 3031)"
392,1987,DentalStar,"(0, 2384, 925, 3182)"
393,1988,DentalStar,"(0, 2603, 324, 3286)"
394,1991,DentalStar,"(0, 2800, 625, 3564)"
395,1992,DentalStar,"(0, 2083, 382, 2835)"
396,2064,Grenade,"(4072, 3240, 4708, 3648)"
397,2141,Grenade,"(4951, 3298, 5472, 3648)"
398,2142,Grenade,"(5194, 3205, 5472, 3648)"
399,2143,Grenade,"(5194, 3205, 5472, 3648)"
400,2162,Grenade,"(0, 1296, 521, 1689)"
401,2167,Grenade,"(2854, 4734, 3301, 5066)"
402,2168,Grenade,"(2838, 4835, 3301, 5151)"
403,2169,Grenade,"(2591, 4418, 3031, 4742)"
404,2170,Grenade,"(2661, 4765, 3139, 5089)"
405,2207,Grenade,"(282, 4841, 1011, 5421)"
406,2208,Grenade,"(970, 4418, 1617, 5073)"
407,2208,Grenade,"(0, 4468, 298, 4982)"
408,2208,Grenade,"(0, 4468, 298, 4982)"
409,2208,Grenade,"(970, 4418, 1617, 5073)"
410,2209,Grenade,"(821, 4600, 1584, 5272)"
411,2209,Grenade,"(0, 4617, 232, 5131)"
412,2209,Grenade,"(821, 4600, 1584, 5272)"
413,2209,Grenade,"(0, 4617, 232, 5131)"
414,2216,Grenade,"(1544, 4229, 2370, 4770)"
415,2232,Grenade,"(1065, 3789, 1837, 4314)"
416,2233,Grenade,"(2319, 3455, 3010, 3648)"
417,2234,Grenade,"(849, 3465, 1644, 4083)"
418,2236,Grenade,"(3121, 3106, 3915, 3566)"
419,2237,Grenade,"(2851, 2931, 3606, 3384)"
420,2241,Grenade,"(2637, 2589, 3518, 3082)"
421,2242,Grenade,"(2772, 2875, 3606, 3400)"
422,2243,Grenade,"(2899, 2748, 3661, 3352)"
423,2244,Grenade,"(757, 3890, 1521, 4353)"
424,2245,Grenade,"(703, 3566, 1428, 4036)"
425,2251,Grenade,"(1858, 2812, 2708, 3344)"
426,2252,Grenade,"(1776, 4307, 2594, 4847)"
427,2253,Grenade,"(1559, 4191, 2331, 4723)"
428,2254,Grenade,"(3177, 2589, 4066, 3090)"
429,2255,Grenade,"(3129, 2526, 3955, 3018)"
430,2256,Grenade,"(1660, 2755, 2609, 3265)"
431,2257,Grenade,"(2293, 2454, 2802, 2987)"
432,2259,Grenade,"(1390, 2555, 2077, 3033)"
433,2260,Grenade,"(1390, 2609, 1768, 3010)"
434,2261,Grenade,"(2462, 2248, 2899, 2772)"
435,2292,Grenade,"(371, 4106, 1127, 4646)"
436,2293,Grenade,"(1628, 2335, 2367, 2907)"
437,2294,Grenade,"(1708, 2502, 2613, 3177)"
438,2305,Grenade,"(888, 3234, 1544, 3805)"
439,2306,Grenade,"(754, 810, 1271, 1374)"
440,2310,Grenade,"(1120, 699, 1739, 1334)"
441,2311,Grenade,"(1358, 747, 1985, 1350)"
442,2313,Grenade,"(3764, 3090, 4408, 3614)"
443,2316,Grenade,"(4765, 2828, 5377, 3360)"
444,2317,Grenade,"(2240, 2685, 2788, 3273)"
445,2318,Grenade,"(2057, 2073, 2700, 2788)"
446,2319,Grenade,"(1493, 1382, 2152, 2145)"
447,2320,Grenade,"(2168, 469, 2708, 810)"
448,2321,Grenade,"(3256, 564, 3987, 1025)"
449,2322,Grenade,"(2946, 715, 3439, 1120)"
450,2324,Grenade,"(332, 1273, 1135, 2323)"
451,2325,Grenade,"(726, 1791, 1320, 2694)"
452,2326,Grenade,"(2136, 929, 2835, 1740)"
453,2340,Grenade,"(587, 4399, 1289, 4955)"
454,2341,Grenade,"(1281, 3095, 1791, 3689)"
455,2342,Grenade,"(1359, 3651, 1961, 4330)"
456,2343,Grenade,"(2565, 2296, 3097, 2995)"
457,2344,Grenade,"(1251, 3859, 1722, 4407)"
458,2345,Grenade,"(1173, 3952, 1737, 4600)"
459,2346,Grenade,"(1104, 3666, 1590, 4330)"
460,2347,Grenade,"(1235, 3859, 1884, 4638)"
461,2390,Grenade,"(224, 3087, 872, 3651)"
462,2431,Grenade,"(687, 2606, 1199, 3140)"
463,2432,Grenade,"(545, 2617, 1025, 3107)"
464,2433,Grenade,"(741, 2584, 1264, 3074)"
465,2504,Kong,"(2201, 773, 3212, 1904)"
466,2505,Kong,"(1653, 1582, 2296, 2344)"
467,2510,Kong,"(1419, 2504, 1955, 3124)"
468,2511,Kong,"(1478, 2754, 1967, 3207)"
469,2513,Kong,"(2534, 1713, 3926, 3153)"
470,2514,Kong,"(2236, 1737, 3700, 3177)"
471,2515,Kong,"(1820, 1451, 3200, 2927)"
472,2569,Kong,"(2641, 2855, 3140, 3403)"
473,2571,Kong,"(2946, 2515, 3497, 3076)"
474,2572,MegalastBall,"(0, 2612, 205, 3217)"
475,2675,Kong,"(1799, 2115, 2878, 3309)"
476,2784,Zyro,"(3245, 2446, 3648, 3237)"
477,2785,Zyro,"(3101, 2410, 3648, 3223)"
478,2786,Zyro,"(2842, 2352, 3562, 3136)"
479,2793,Zyro,"(3202, 1273, 3648, 2000)"
480,2794,Zyro,"(3231, 1302, 3648, 2079)"
481,2795,Grenade,"(1705, 3913, 2360, 5179)"
482,2795,Zyro,"(2756, 1180, 3447, 1921)"
483,2796,Grenade,"(1475, 3043, 2842, 4287)"
484,2796,Zyro,"(3518, 1216, 3648, 1870)"
485,2797,Grenade,"(1770, 2913, 3072, 4129)"
486,2797,Zyro,"(3511, 1129, 3648, 1806)"
487,2798,Grenade,"(2007, 3805, 3202, 5043)"
488,2799,Grenade,"(2605, 2482, 3648, 3259)"
489,2799,Zyro,"(3317, 1129, 3648, 1870)"
490,2800,Zyro,"(3295, 784, 3648, 1539)"
491,2800,Grenade,"(1986, 2726, 3195, 3546)"
492,2801,Grenade,"(1993, 4791, 3375, 5179)"
493,2802,Zyro,"(3346, 1453, 3648, 2201)"
494,2802,Grenade,"(1525, 3525, 2785, 4892)"
495,2803,Zyro,"(3281, 791, 3648, 1626)"
496,2803,Grenade,"(2317, 1698, 3389, 2769)"
497,2804,Zyro,"(3339, 741, 3648, 1511)"
498,2804,Grenade,"(2828, 2683, 3648, 3647)"
499,2805,Zyro,"(3367, 504, 3648, 1259)"
500,2805,Grenade,"(2490, 2410, 3447, 3546)"
501,2806,Unknown,"(4760, 669, 5472, 1490)"
502,2807,Unknown,"(4641, 507, 5472, 1349)"
503,2850,DentalStar,"(637, 1101, 1479, 1824)"
504,2873,DentalStar,"(2518, 2093, 3648, 2841)"
505,2874,DentalStar,"(2698, 2403, 3367, 3165)"
506,2895,Grenade,"(0, 3012, 648, 3648)"
507,2896,Grenade,"(130, 2008, 1166, 3174)"
508,2934,DentalStar,"(0, 1870, 389, 2259)"
509,2953,Zyro,"(1435, 1608, 1975, 2148)"
510,2954,Zyro,"(1446, 1824, 1954, 2375)"
511,2967,DentalStar,"(0, 766, 615, 1339)"
512,2968,DentalStar,"(0, 928, 572, 1511)"
513,3004,LuckyCloverChew,"(2547, 4539, 3626, 5472)"
514,3005,LuckyCloverChew,"(2684, 4697, 3648, 5472)"
515,3014,Dumbbell,"(291, 1652, 4587, 3648)"
516,3015,Dumbbell,"(1198, 1932, 4101, 3648)"
517,3016,Dumbbell,"(259, 745, 3421, 3648)"
518,3017,Dumbbell,"(0, 702, 1489, 3648)"
519,3018,Dumbbell,"(180, 3849, 2454, 5472)"
520,3028,Dumbbell,"(734, 3460, 2936, 5472)"
521,3031,Dumbbell,"(3162, 0, 5321, 1187)"
522,3032,LuckyCloverChew,"(4274, 3282, 5342, 3648)"
523,3036,Dumbbell,"(108, 2913, 3367, 5472)"
524,3039,Dumbbell,"(475, 0, 3259, 2429)"
525,3040,Dumbbell,"(291, 0, 3195, 2083)"
526,3041,Dumbbell,"(421, 0, 2709, 3066)"
527,3042,Dumbbell,"(756, 1706, 3000, 3648)"
528,3043,Dumbbell,"(2493, 2461, 4716, 3648)"
529,3044,DentalStar,"(2691, 2827, 3439, 3503)"
530,3045,DentalStar,"(2964, 3158, 3648, 3827)"
531,3048,Dumbbell,"(3098, 248, 5472, 3648)"
532,3049,Dumbbell,"(2454, 3827, 3648, 5472)"
533,3050,Dumbbell,"(2374, 3827, 3648, 5472)"
534,3089,Grenade,"(3960, 3200, 4653, 3648)"
535,3090,Grenade,"(3918, 3158, 4612, 3648)"
536,3101,LuckyCloverChew,"(1094, 2331, 1880, 2899)"
537,3102,LuckyCloverChew,"(1211, 2264, 1972, 2807)"
538,3103,LuckyCloverChew,"(1203, 2448, 2047, 3000)"
539,3104,LuckyCloverChew,"(1186, 2448, 1938, 2941)"
540,3107,LuckyCloverChew,"(936, 2306, 1587, 2791)"
541,3108,LuckyCloverChew,"(1011, 2248, 1938, 2766)"
542,3241,Dumbbell,"(761, 488, 3997, 3648)"
543,3242,Dumbbell,"(0, 357, 3676, 3648)"
544,3243,DentalStar,"(1154, 952, 3224, 2094)"
545,3244,DentalStar,"(1083, 1392, 3057, 2308)"
546,3245,Dumbbell,"(4199, 1321, 5472, 3648)"
547,3245,DentalStar,"(821, 1440, 2474, 2391)"
548,3306,DentalStar,"(4627, 2403, 5472, 3212)"
549,3537,Kong,"(3839, 2306, 4443, 2811)"
550,3538,Kong,"(3740, 2365, 4334, 2890)"
551,3539,Kong,"(3651, 2375, 4245, 2890)"
552,3565,Ziggs,"(756, 2983, 1427, 3829)"
553,3569,Ziggs,"(987, 2678, 1866, 3499)"
554,3570,Ziggs,"(1026, 2776, 1905, 3626)"
555,3571,Ziggs,"(1133, 2648, 2023, 3489)"
556,3580,Ziggs,"(1769, 2942, 2580, 3648)"
557,3581,Ziggs,"(1475, 3069, 2238, 3648)"
558,3679,Kong,"(2232, 2231, 2930, 2851)"
559,3697,Kong,"(2703, 3577, 3218, 4202)"
560,3714,Kong,"(1039, 2796, 1414, 3163)"
561,3724,Kong,"(1414, 109, 1875, 539)"
562,3738,Kong,"(4288, 237, 4619, 592)"
563,3739,Kong,"(4880, 0, 5472, 308)"
564,3740,Kong,"(5046, 142, 5472, 640)"
565,3802,Kong,"(1670, 1978, 2002, 2500)"
566,3814,Kong,"(604, 2701, 1244, 3246)"
567,3815,Kong,"(426, 2713, 948, 3175)"
568,3816,Kong,"(651, 2464, 1173, 2926)"
569,3969,DentalStar,"(4738, 0, 5472, 325)"
570,3970,DentalStar,"(4770, 335, 5472, 744)"
571,4042,Unknown,"(2744, 4099, 3148, 4931)"
572,4042,Dumbbell,"(2205, 936, 3648, 3600)"
573,4042,DentalStar,"(2665, 3544, 3648, 4606)"
574,4055,Kong,"(3145, 4542, 3648, 5472)"
575,4055,DentalStar,"(178, 1235, 1006, 1983)"
576,4056,Kong,"(1842, 3114, 2605, 4121)"
577,4056,DentalStar,"(1132, 1272, 1532, 1664)"
578,4057,DentalStar,"(925, 873, 1998, 1812)"
579,4057,Kong,"(2420, 3869, 3167, 4683)"
580,4118,DentalStar,"(1976, 3462, 2767, 4121)"
581,4119,DentalStar,"(2205, 3884, 3063, 4520)"
582,4120,DentalStar,"(1931, 3810, 2901, 4357)"
583,4123,DentalStar,"(1302, 2249, 2264, 2922)"
584,4124,DentalStar,"(1117, 3610, 2064, 4135)"
585,4201,DentalStar,"(422, 2098, 1621, 2897)"
586,4201,Hex,"(988, 2809, 1765, 3648)"
587,4201,S-shapedToy,"(0, 2997, 966, 3648)"
588,4202,S-shapedToy,"(0, 3430, 677, 3648)"
589,4202,Hex,"(733, 3230, 1543, 3648)"
590,4202,DentalStar,"(211, 2487, 1432, 3386)"
591,4203,S-shapedToy,"(877, 3031, 1787, 3648)"
592,4204,S-shapedToy,"(888, 3308, 1454, 3648)"
593,4205,S-shapedToy,"(921, 2131, 1443, 2920)"
594,4206,Hex,"(89, 1632, 1410, 2942)"
595,4206,DentalStar,"(0, 977, 1254, 1787)"
596,4206,S-shapedToy,"(2187, 2065, 3829, 3648)"
597,4207,S-shapedToy,"(1920, 1254, 3818, 2476)"
598,4207,Hex,"(566, 1410, 1754, 2542)"
599,4207,DentalStar,"(433, 766, 1598, 1510)"
600,4208,S-shapedToy,"(1532, 2109, 3641, 3648)"
601,4209,DentalStar,"(0, 2464, 255, 3164)"
602,4209,Hex,"(0, 3142, 588, 3648)"
603,4209,S-shapedToy,"(1432, 2420, 3585, 3648)"
604,4210,S-shapedToy,"(1154, 1909, 3108, 2831)"
605,4210,Hex,"(0, 2065, 677, 3219)"
606,4210,DentalStar,"(0, 1510, 599, 2231)"
607,4211,S-shapedToy,"(1510, 1876, 4262, 3648)"
608,4212,Hex,"(0, 3153, 910, 3648)"
609,4212,DentalStar,"(0, 2498, 821, 3397)"
610,4212,S-shapedToy,"(1776, 1876, 3840, 3430)"
611,4304,BlueFrisbee,"(0, 1132, 977, 4949)"
612,4305,BlueFrisbee,"(0, 1628, 1865, 3736)"
613,4306,BlueFrisbee,"(0, 1154, 1931, 4128)"
614,4308,BlueFrisbee,"(0, 407, 1369, 4113)"
615,4309,BlueFrisbee,"(0, 651, 1332, 4254)"
616,4310,BlueFrisbee,"(2675, 932, 5472, 3648)"
617,4311,BlueFrisbee,"(2442, 1021, 5472, 3648)"
618,4312,BlueFrisbee,"(211, 1110, 4096, 3648)"
619,4313,BlueFrisbee,"(0, 799, 3319, 3648)"
620,4314,BlueFrisbee,"(0, 833, 2830, 3648)"
621,4317,BlueFrisbee,"(0, 814, 1650, 4735)"
622,4318,BlueFrisbee,"(0, 229, 1872, 4794)"
623,4319,BlueFrisbee,"(0, 252, 1850, 3477)"
624,4320,BlueFrisbee,"(0, 0, 1902, 3270)"
625,4321,BlueFrisbee,"(0, 459, 1325, 3314)"
626,4322,BlueFrisbee,"(0, 1480, 2050, 4468)"
627,4323,BlueFrisbee,"(0, 1324, 1879, 4372)"
628,4324,BlueFrisbee,"(0, 340, 1177, 3862)"
629,4325,BlueFrisbee,"(0, 192, 1687, 4017)"
630,4326,BlueFrisbee,"(0, 0, 1584, 3654)"
631,4327,BlueFrisbee,"(2464, 1886, 3648, 5472)"
632,4328,BlueFrisbee,"(3330, 555, 3648, 2767)"
633,4329,BlueFrisbee,"(3078, 222, 3648, 3011)"
634,4332,BlueFrisbee,"(1436, 1110, 3648, 5186)"
635,4333,BlueFrisbee,"(1924, 1243, 3648, 5260)"
636,4335,BlueFrisbee,"(710, 4180, 3012, 5472)"
637,4338,BlueFrisbee,"(3234, 3677, 3648, 5472)"
638,4373,Kong,"(0, 688, 400, 1343)"
639,4373,Hex,"(0, 1687, 788, 2575)"
640,4374,Hex,"(178, 1721, 977, 2631)"
641,4374,Kong,"(0, 722, 677, 1354)"
642,4375,Hex,"(2175, 2032, 3030, 3042)"
643,4375,Kong,"(1276, 655, 1898, 944)"
644,4375,DentalStar,"(433, 0, 1310, 444)"
645,4376,Hex,"(2719, 2143, 3652, 3119)"
646,4376,Kong,"(1532, 866, 2275, 1499)"
647,4376,DentalStar,"(744, 0, 1665, 699)"
648,4377,Hex,"(2697, 2143, 3552, 3164)"
649,4377,DentalStar,"(699, 22, 1576, 755)"
650,4377,Kong,"(1476, 888, 2231, 1543)"
651,4378,Kong,"(1310, 910, 2053, 1610)"
652,4378,Hex,"(2597, 2242, 3430, 3175)"
653,4378,DentalStar,"(522, 11, 1376, 755)"
654,4379,DentalStar,"(344, 377, 1232, 1132)"
655,4379,Kong,"(1143, 1277, 1887, 1965)"
656,4379,Hex,"(2331, 2564, 3174, 3530)"
657,4382,Hex,"(3009, 1686, 3721, 2374)"
658,4382,DentalStar,"(1389, 469, 2332, 1193)"
659,4382,Kong,"(2267, 1330, 3027, 1882)"
660,4391,DentalStar,"(0, 3758, 851, 4350)"
661,4392,Kong,"(1221, 2648, 1961, 3691)"
662,4392,DentalStar,"(0, 3470, 1154, 4298)"
663,4393,Kong,"(725, 3447, 1206, 4113)"
664,4393,DentalStar,"(836, 4224, 1702, 5038)"
665,4397,Kong,"(2420, 2398, 3041, 3053)"
666,4397,DentalStar,"(3041, 3253, 3996, 3648)"
667,4398,DentalStar,"(2575, 3164, 3541, 3648)"
668,4398,Kong,"(2009, 2276, 2542, 2864)"
669,4409,Kong,"(2412, 2127, 2645, 2516)"
670,4409,DentalStar,"(1876, 3026, 2671, 3389)"
671,4410,Kong,"(2464, 2196, 2706, 2542)"
672,4410,DentalStar,"(1936, 3061, 2697, 3415)"
673,4411,DentalStar,"(1936, 3009, 2645, 3363)"
674,4411,Kong,"(2386, 2101, 2688, 2490)"
675,4414,DentalStar,"(1335, 3681, 2049, 4220)"
676,4415,DentalStar,"(2818, 2308, 3562, 2888)"
677,4416,DentalStar,"(3250, 2161, 3907, 2810)"
678,4431,Kong,"(3734, 2429, 4469, 3510)"
679,4431,Hex,"(1833, 2326, 2818, 3329)"
680,4432,Kong,"(4028, 2576, 4763, 3528)"
681,4432,Hex,"(2127, 2429, 3121, 3355)"
682,4437,DentalStar,"(140, 3348, 919, 4073)"
683,4437,BlueFrisbee,"(1060, 2206, 1961, 4026)"
684,4438,DentalStar,"(544, 3669, 1311, 4284)"
685,4438,BlueFrisbee,"(1024, 2160, 2318, 3705)"
686,4439,DentalStar,"(0, 4600, 989, 5472)"
687,4439,BlueFrisbee,"(1469, 2201, 3530, 4319)"
688,4439,Kong,"(796, 3014, 1376, 3687)"
689,4440,DentalStar,"(0, 4530, 211, 5419)"
690,4440,BlueFrisbee,"(1821, 1814, 3648, 3839)"
691,4440,Kong,"(12, 2827, 550, 3570)"
692,4441,DentalStar,"(0, 4202, 328, 5179)"
693,4441,BlueFrisbee,"(1662, 2212, 3647, 4407)"
694,4441,Kong,"(187, 2628, 802, 3248)"
695,4443,DentalStar,"(0, 4097, 644, 5191)"
696,4443,BlueFrisbee,"(152, 3582, 2301, 5320)"
697,4443,Kong,"(574, 2593, 1048, 3178)"
698,4454,DentalStar,"(2282, 2429, 3095, 3121)"
699,4454,BlueFrisbee,"(2291, 1262, 3657, 2127)"
700,4454,Kong,"(4149, 2862, 4694, 3545)"
701,4455,BlueFrisbee,"(2308, 1703, 3579, 2620)"
702,4455,DentalStar,"(2178, 2957, 2965, 3588)"
703,4455,Kong,"(4072, 3346, 4582, 3648)"
704,4456,Kong,"(3899, 3450, 4547, 3648)"
705,4456,BlueFrisbee,"(2403, 2455, 3683, 3173)"
706,4456,DentalStar,"(2092, 3043, 2905, 3648)"
707,4459,Kong,"(2669, 4243, 3126, 4875)"
708,4459,BlueFrisbee,"(398, 3915, 1739, 4828)"
709,4459,DentalStar,"(29, 4758, 843, 5437)"
710,4463,Kong,"(0, 1919, 285, 2628)"
711,4463,BlueFrisbee,"(2550, 2023, 3804, 2888)"
712,4463,DentalStar,"(1141, 3355, 1997, 3648)"
713,4464,DentalStar,"(1487, 3502, 2023, 3648)"
714,4464,Kong,"(104, 2161, 545, 2767)"
715,4464,BlueFrisbee,"(2740, 2343, 4028, 3069)"
716,4495,Kong,"(2106, 2844, 2712, 3355)"
717,4496,Kong,"(2082, 2927, 2700, 3438)"
718,4497,Kong,"(2641, 3022, 3271, 3641)"
719,4498,Kong,"(2486, 2832, 3081, 3355)"
720,4504,Kong,"(1191, 3518, 1759, 3648)"
721,4505,Kong,"(0, 3933, 714, 4646)"
722,4508,Kong,"(0, 4733, 301, 5472)"
723,4509,Kong,"(0, 4773, 341, 5472)"
724,4510,Kong,"(0, 4876, 508, 5472)"
725,4515,Kong,"(1031, 4662, 1975, 5407)"
726,4523,Kong,"(714, 1824, 1554, 2624)"
727,4524,Kong,"(1221, 2069, 1935, 3021)"
728,4525,Kong,"(2082, 1797, 2950, 2713)"
729,4527,Kong,"(2320, 1618, 3105, 2606)"
730,4528,Kong,"(2451, 2629, 3176, 3569)"
731,4529,Kong,"(2760, 2879, 3521, 3605)"
732,4850,Hex,"(1174, 3782, 2744, 5375)"
733,4851,Hex,"(1332, 3441, 2863, 4939)"
734,4852,Hex,"(1340, 3639, 2942, 5138)"
735,4853,Hex,"(1356, 3489, 2974, 4931)"
736,4854,Hex,"(1324, 3481, 2903, 5114)"
737,4862,Hex,"(797, 2558, 1939, 3648)"
738,4876,DentalStar,"(2355, 3058, 3021, 3581)"
739,4877,DentalStar,"(1606, 2986, 2343, 3557)"
740,4878,DentalStar,"(1630, 3058, 2379, 3510)"
741,4879,DentalStar,"(1523, 2962, 2272, 3391)"
742,4891,DentalStar,"(2736, 2939, 3616, 3593)"
743,4892,DentalStar,"(2034, 3379, 3033, 3648)"
744,4915,Hex,"(1626, 4559, 2720, 5472)"
745,4916,Hex,"(1483, 4258, 2458, 5177)"
746,4917,Hex,"(1546, 3403, 2165, 3648)"
747,4951,DentalKong,"(3890, 2070, 4556, 3105)"
748,4952,DentalKong,"(3390, 1808, 4116, 2772)"
749,4953,DentalStar,"(3640, 3058, 4711, 3617)"
750,4966,DentalStar,"(1784, 2808, 2224, 3212)"
751,4966,Hex,"(2439, 1023, 2677, 1535)"
752,4971,DentalStar,"(1523, 3260, 2296, 3648)"
753,4971,Hex,"(1725, 1654, 2332, 2225)"
754,4988,DentalStar,"(2649, 4281, 3648, 4892)"
755,4989,DentalStar,"(2728, 3869, 3648, 4559)"
756,4990,DentalStar,"(2609, 4083, 3561, 4702)"
757,4991,DentalStar,"(2601, 4020, 3648, 4670)"
758,4991,DentalStar,"(2633, 4020, 3648, 4694)"
759,4992,DentalStar,"(2728, 3972, 3648, 4638)"
760,4997,Hex,"(3390, 1535, 4021, 2320)"
761,4997,DentalStar,"(3319, 2939, 4259, 3557)"
762,4998,Hex,"(3485, 1927, 4092, 2677)"
763,4998,DentalStar,"(3271, 3010, 4259, 3648)"
764,4999,DentalStar,"(3616, 3058, 4651, 3648)"
765,4999,Hex,"(3331, 1344, 4068, 2082)"
766,5000,Hex,"(3783, 1559, 4592, 2498)"
767,5000,DentalStar,"(3937, 3438, 4604, 3648)"
768,5002,Kong,"(2784, 1416, 3355, 1820)"
769,5003,Kong,"(2795, 1368, 3450, 1785)"
770,5004,Hex,"(1412, 3203, 2300, 4044)"
771,5004,DentalStar,"(920, 4543, 2268, 5472)"
772,5005,Hex,"(1213, 2624, 1895, 3711)"
773,5005,DentalStar,"(690, 4622, 2102, 5472)"
774,5006,Hex,"(856, 3592, 1761, 4725)"
775,5006,DentalStar,"(341, 4686, 1887, 5472)"
776,5007,Hex,"(2903, 2725, 3819, 3617)"
777,5007,DentalStar,"(1630, 3248, 2795, 3648)"
778,5008,Hex,"(2486, 1261, 3224, 2165)"
779,5008,DentalStar,"(1356, 3319, 2498, 3648)"
780,5009,Hex,"(2784, 2891, 3688, 3648)"
781,5009,DentalStar,"(1891, 3415, 2677, 3648)"
782,5010,Hex,"(2605, 2832, 3509, 3648)"
783,5011,Hex,"(2688, 2225, 3438, 3093)"
784,5011,DentalStar,"(1737, 3070, 2891, 3648)"
785,5021,Hex,"(1701, 2380, 2248, 2772)"
786,5022,Hex,"(1915, 2344, 2403, 2677)"
787,5023,Hex,"(2189, 2451, 2688, 2760)"
788,5024,DentalKong,"(3807, 1142, 4937, 2439)"
789,5025,DentalKong,"(3295, 1368, 4508, 2284)"
790,5032,Hex,"(2677, 1939, 3140, 2391)"
791,5033,Hex,"(2605, 2153, 3021, 2582)"
792,5034,Hex,"(2665, 2213, 3081, 2606)"
793,5035,Hex,"(2712, 2106, 3093, 2510)"
794,5036,Hex,"(2712, 2237, 3152, 2713)"
795,5037,Hex,"(2177, 1725, 2558, 2130)"
796,5038,Hex,"(2224, 1844, 2795, 2284)"
797,5039,Hex,"(1689, 2855, 2498, 3450)"
798,5042,DentalKong,"(2355, 928, 2867, 1618)"
799,5058,DentalKong,"(942, 3331, 1828, 3648)"
800,5090,Unknown,"(2744, 1459, 3006, 1855)"
801,5090,Dumbbell,"(777, 3274, 3093, 5472)"
802,5091,Dumbbell,"(1118, 3393, 3648, 5472)"
803,5091,Zyro,"(960, 4020, 1562, 4670)"
804,5091,Hex,"(2918, 301, 3434, 793)"
805,5093,Grenade,"(4009, 3093, 4627, 3581)"
806,5152,Grenade,"(3402, 2677, 3842, 3177)"
807,5152,Hex,"(0, 3212, 690, 3648)"
808,5153,Grenade,"(3640, 2320, 4235, 2867)"
809,5153,Hex,"(500, 2808, 1225, 3534)"
810,5154,Hex,"(975, 2713, 1725, 3474)"
811,5154,Grenade,"(3985, 2439, 4711, 2998)"
812,5155,Grenade,"(2165, 3163, 2887, 3687)"
813,5156,Grenade,"(2339, 3235, 3085, 3711)"
814,5157,Grenade,"(2078, 3203, 2831, 3718)"
815,5158,Grenade,"(2197, 3298, 2958, 3806)"
816,5159,Grenade,"(2133, 3362, 2887, 3869)"
817,5160,Grenade,"(1816, 3163, 2562, 3687)"
818,5161,Grenade,"(1919, 3496, 2649, 4028)"
819,5162,Grenade,"(1951, 3544, 2696, 4051)"
820,5198,Grenade,"(0, 1285, 559, 1844)"
821,5203,Hex,"(178, 2748, 809, 3426)"
822,5203,Grenade,"(2700, 2272, 3271, 2820)"
823,5204,Hex,"(250, 2534, 845, 3212)"
824,5204,Grenade,"(2784, 2082, 3355, 2653)"
825,5212,Hex,"(630, 3046, 1344, 3648)"
826,5212,Grenade,"(3450, 2867, 4080, 3331)"
827,5213,Hex,"(2629, 1999, 3319, 2748)"
828,5214,Hex,"(3509, 2118, 4140, 2855)"
829,5215,Hex,"(4140, 2558, 4853, 3296)"
830,5216,Hex,"(3640, 1892, 4389, 2689)"
831,5217,Hex,"(3842, 2522, 4544, 3284)"
832,5233,Hex,"(1320, 1701, 1891, 2391)"
833,5234,Hex,"(1618, 2011, 2248, 2617)"
834,5279,Kong,"(1237, 2510, 1832, 3129)"
835,5280,Kong,"(1178, 2713, 1820, 3319)"
836,5282,Kong,"(1297, 2844, 1939, 3474)"
837,5464,Kong,"(1182, 3441, 1927, 4107)"
838,5465,Kong,"(587, 4178, 1626, 5090)"
839,5466,Kong,"(785, 4083, 1808, 4979)"
840,5468,Kong,"(159, 4194, 1126, 5019)"
841,5469,Kong,"(214, 4353, 1182, 5185)"
842,5470,Kong,"(627, 4234, 1650, 5114)"
843,5471,Kong,"(293, 4234, 1380, 5177)"
844,5474,Kong,"(412, 4242, 1388, 5074)"
845,5475,Kong,"(944, 4218, 1689, 4836)"
846,5476,Kong,"(2629, 2820, 3378, 3522)"
847,5477,Kong,"(2320, 2641, 3057, 3296)"
848,5491,Kong,"(2320, 2439, 2831, 2915)"
849,5492,Kong,"(2403, 2368, 2891, 2844)"
850,5501,Kong,"(1142, 4083, 1856, 4702)"
851,5502,Kong,"(2284, 2796, 3129, 3462)"
852,5503,Kong,"(2391, 2951, 3200, 3629)"
853,5521,DentalStar,"(428, 0, 892, 381)"
854,5522,DentalStar,"(452, 167, 1154, 785)"
855,5522,DentalStar,"(452, 167, 1154, 785)"
856,5522,DentalStar,"(0, 0, 821, 226)"
857,5522,DentalStar,"(0, 0, 821, 226)"
858,5531,LuckyCloverChew,"(1392, 202, 2272, 1059)"
859,5531,Hex,"(845, 1451, 1392, 2427)"
860,5531,DentalStar,"(71, 59, 1285, 1178)"
861,5532,DentalStar,"(119, 95, 1356, 1261)"
862,5532,LuckyCloverChew,"(1416, 286, 2534, 1202)"
863,5532,Hex,"(916, 1547, 1487, 2451)"
864,5533,DentalStar,"(36, 1725, 1344, 2903)"
865,5533,Hex,"(892, 3070, 1820, 3648)"
866,5533,LuckyCloverChew,"(1463, 1987, 1939, 2962)"
867,5534,LuckyCloverChew,"(1416, 1975, 1975, 2927)"
868,5534,Hex,"(904, 3022, 1820, 3648)"
869,5534,DentalStar,"(48, 1666, 1416, 2939)"
870,5548,Unknown,"(0, 3129, 285, 3648)"
871,5548,DentalStar,"(619, 131, 1642, 1071)"
872,5548,Zyro,"(4235, 2070, 5091, 2951)"
873,5549,Unknown,"(4104, 3510, 4520, 3648)"
874,5549,Unknown,"(0, 2951, 523, 3648)"
875,5549,Unknown,"(4104, 3510, 4520, 3648)"
876,5549,Zyro,"(4425, 1856, 5270, 2748)"
877,5549,Hex,"(1047, 1237, 1344, 1582)"
878,5549,DentalStar,"(726, 0, 1796, 928)"
879,5549,Unknown,"(0, 2951, 523, 3648)"
880,5550,Unknown,"(4282, 3426, 4770, 3648)"
881,5550,Unknown,"(143, 3129, 797, 3648)"
882,5550,Unknown,"(143, 3129, 797, 3648)"
883,5550,Unknown,"(4282, 3426, 4770, 3648)"
884,5550,Zyro,"(4532, 1773, 5389, 2677)"
885,5550,DentalStar,"(714, 71, 1808, 1095)"
886,5550,Hex,"(1142, 1297, 1416, 1666)"
887,5551,DentalStar,"(773, 0, 1808, 869)"
888,5551,Unknown,"(4128, 3308, 4842, 3648)"
889,5551,Unknown,"(119, 2903, 821, 3557)"
890,5551,Unknown,"(4128, 3308, 4842, 3648)"
891,5551,Hex,"(1166, 1130, 1523, 1987)"
892,5551,Unknown,"(119, 2903, 821, 3557)"
893,5551,Zyro,"(4580, 1642, 5401, 2534)"
894,5592,Kong,"(3533, 3248, 4532, 3648)"
895,5592,DentalStar,"(0, 0, 833, 476)"
896,5592,Unknown,"(0, 2641, 357, 3046)"
897,5592,Zyro,"(4033, 2046, 4758, 2844)"
898,5593,Unknown,"(0, 2641, 428, 3058)"
899,5593,DentalStar,"(0, 0, 987, 440)"
900,5593,Kong,"(3604, 3200, 4544, 3648)"
901,5593,Zyro,"(4080, 2046, 4842, 2808)"
902,5594,Unknown,"(1535, 464, 2367, 976)"
903,5594,Kong,"(4116, 3415, 4830, 3648)"
904,5594,Zyro,"(4068, 2094, 4925, 2974)"
905,5595,Unknown,"(1630, 440, 2581, 857)"
906,5595,Kong,"(4247, 3343, 4818, 3648)"
907,5595,Zyro,"(4128, 1999, 4925, 2962)"
908,5596,Kong,"(4247, 3343, 4830, 3648)"
909,5596,Zyro,"(4152, 1999, 4996, 2915)"
910,5596,Unknown,"(1618, 393, 2391, 880)"
911,5603,S-shapedToy,"(3021, 2498, 3521, 3367)"
912,5604,S-shapedToy,"(3033, 2427, 3676, 3189)"
913,5605,S-shapedToy,"(2891, 2510, 3402, 3141)"
914,5606,S-shapedToy,"(2926, 2332, 3604, 2939)"
915,5607,S-shapedToy,"(2498, 2629, 3402, 3284)"
916,5608,S-shapedToy,"(3450, 1939, 4294, 2629)"
917,5609,S-shapedToy,"(2712, 1630, 3581, 2617)"
918,5610,S-shapedToy,"(2569, 1737, 3366, 2689)"
919,5611,S-shapedToy,"(2546, 1761, 3248, 2427)"
920,5623,S-shapedToy,"(698, 2339, 2117, 3718)"
921,5624,S-shapedToy,"(841, 2268, 2205, 3758)"
922,5625,S-shapedToy,"(888, 2244, 2149, 3703)"
923,5626,S-shapedToy,"(777, 2355, 2070, 3766)"
924,5627,S-shapedToy,"(841, 2466, 2189, 3933)"
925,5674,Kong,"(2022, 4210, 2895, 5344)"
926,5675,Kong,"(1451, 1713, 2371, 2775)"
927,5676,Kong,"(1776, 2275, 2879, 3203)"
928,5677,Kong,"(1784, 2006, 2926, 3076)"
929,5927,Hex,"(2533, 1316, 3533, 2286)"
930,5928,Hex,"(2058, 297, 3285, 1514)"
931,5937,Hex,"(785, 4201, 1504, 5012)"
932,5938,Hex,"(1082, 4392, 1781, 5164)"
933,5939,Hex,"(2949, 2731, 3632, 3513)"
934,5940,Hex,"(2840, 2672, 3542, 3464)"
935,5941,Hex,"(2820, 2623, 3661, 3454)"
936,5942,Hex,"(3493, 3038, 4344, 3648)"
937,5975,Hex,"(1047, 4606, 2197, 5472)"
938,5999,DentalStar,"(1344, 3070, 2498, 3648)"
939,5999,Hex,"(5187, 2403, 5472, 3189)"
940,6035,Kong,"(0, 3259, 809, 3925)"
941,6035,DentalStar,"(2633, 4987, 3648, 5472)"
942,6036,Kong,"(0, 3520, 500, 4392)"
943,6037,Kong,"(0, 3869, 801, 4583)"
944,6053,Hex,"(2593, 0, 3390, 226)"
945,6080,Kong,"(928, 3052, 1578, 3734)"
946,6080,Hex,"(159, 2371, 912, 3235)"
947,6081,Hex,"(0, 2545, 650, 3378)"
948,6081,Kong,"(825, 3140, 1412, 3877)"
949,6222,Ziggs,"(0, 3342, 912, 3648)"
950,6320,Ziggs,"(1111, 2039, 2161, 2943)"
951,6321,Ziggs,"(544, 2146, 1540, 3074)"
952,6322,Ziggs,"(920, 2070, 1893, 3005)"
953,6330,Grenade,"(1372, 2108, 2138, 2782)"
954,6331,Grenade,"(0, 2606, 337, 3212)"
955,6331,Grenade,"(1724, 2077, 2506, 2683)"
956,6332,Grenade,"(874, 1671, 1157, 2131)"
957,6336,Grenade,"(3556, 2920, 4422, 3641)"
958,6341,Ziggs,"(2200, 2844, 3403, 3648)"
959,6345,Ziggs,"(268, 0, 1142, 537)"
960,6346,Ziggs,"(536, 0, 1272, 690)"
961,6347,Ziggs,"(153, 621, 897, 1257)"
962,6349,Ziggs,"(153, 253, 1050, 1081)"
963,6384,Hex,"(1677, 1892, 2558, 2867)"
964,6385,Hex,"(1332, 2058, 2510, 3296)"
965,6386,Hex,"(1249, 2082, 2224, 3141)"
966,6387,Hex,"(1142, 1999, 2332, 3189)"
967,6391,LuckyCloverChew,"(1237, 1773, 2308, 3403)"
968,6392,LuckyCloverChew,"(880, 1321, 2141, 3403)"
969,6393,LuckyCloverChew,"(1499, 1582, 2843, 3105)"
970,6394,LuckyCloverChew,"(2106, 2165, 3069, 3648)"
971,6395,LuckyCloverChew,"(2141, 2213, 3450, 3648)"
972,6396,LuckyCloverChew,"(1772, 2213, 3140, 3153)"
973,6397,LuckyCloverChew,"(1416, 1975, 2772, 3070)"
974,6398,LuckyCloverChew,"(1142, 1927, 2855, 2927)"
975,6399,LuckyCloverChew,"(714, 2665, 2462, 3510)"
976,6400,LuckyCloverChew,"(1047, 2427, 2522, 3165)"
977,6403,LuckyCloverChew,"(1435, 3964, 2744, 4709)"
978,6404,LuckyCloverChew,"(1515, 1427, 2704, 2688)"
979,6405,LuckyCloverChew,"(1697, 3140, 2807, 3901)"
980,6406,DentalKong,"(3985, 2070, 4616, 2844)"
981,6407,DentalKong,"(4199, 2130, 4889, 2962)"
982,6408,DentalKong,"(4282, 2165, 4913, 2962)"
983,6409,LuckyCloverChew,"(1729, 4099, 3394, 5138)"
984,6410,DentalKong,"(4354, 2106, 5032, 2951)"
985,6416,DentalKong,"(3117, 3355, 3545, 3648)"
986,6445,LuckyCloverChew,"(0, 2015, 509, 2472)"
987,6446,LuckyCloverChew,"(0, 2015, 613, 2503)"
988,6447,LuckyCloverChew,"(0, 1921, 550, 2513)"
989,6451,Kong,"(1225, 945, 1495, 1309)"
990,6452,DentalKong,"(4776, 2669, 5399, 3095)"
991,6459,Kong,"(1840, 1720, 3378, 3068)"
992,6460,Kong,"(2189, 2323, 3267, 3219)"
993,6462,Kong,"(2149, 1792, 3101, 2458)"
994,6463,Kong,"(2221, 3845, 3220, 4749)"
995,6464,Kong,"(2371, 4115, 3347, 4987)"
996,6471,Hex,"(2819, 2736, 3378, 3367)"
997,6472,Hex,"(2867, 2582, 3390, 3177)"
998,6476,DentalStar,"(4758, 2356, 5472, 3117)"
999,6477,DentalStar,"(4794, 2356, 5472, 3046)"
1000,6490,Hex,"(2855, 369, 3926, 1475)"
1001,6528,ChallengerBall,"(702, 619, 2795, 2701)"
1002,6529,ChallengerBall,"(285, 2085, 1816, 3615)"
1003,6530,ChallengerBall,"(1832, 1070, 3648, 3290)"
1004,6531,ChallengerBall,"(2046, 1165, 3648, 3425)"
1005,6532,ChallengerBall,"(2054, 1158, 3648, 3370)"
1006,6533,ChallengerBall,"(0, 2261, 1273, 3636)"
1007,6533,ChallengerBall,"(0, 2261, 1273, 3636)"
1008,6533,ChallengerBall,"(2760, 1963, 4556, 3636)"
1009,6533,ChallengerBall,"(2760, 1963, 4556, 3636)"
1010,6534,ChallengerBall,"(8, 1824, 1539, 3679)"
1011,6535,ChallengerBall,"(0, 1887, 1673, 4345)"
1012,6539,ChallengerBall,"(0, 1649, 1618, 4369)"
1013,6540,ChallengerBall,"(2482, 2014, 3648, 5035)"
1014,6541,ChallengerBall,"(2102, 1927, 3648, 4955)"
1015,6543,ChallengerBall,"(2815, 2212, 3648, 4709)"
1016,6563,DentalStar,"(1059, 3510, 1827, 3648)"
1017,6569,DentalStar,"(443, 5280, 1412, 5472)"
1018,6569,DentalStar,"(0, 5280, 201, 5472)"
1019,6570,DentalStar,"(1991, 4083, 3037, 4789)"
1020,6570,DentalStar,"(3133, 4432, 3648, 4987)"
1021,6571,DentalStar,"(1761, 4028, 2784, 4765)"
1022,6571,DentalStar,"(2807, 4337, 3648, 4924)"
1023,6572,DentalStar,"(2086, 4004, 3164, 4765)"
1024,6572,DentalStar,"(3283, 4377, 3648, 4947)"
1025,6582,Kong,"(131, 2130, 678, 2713)"
1026,6583,Kong,"(321, 2106, 928, 2725)"
1027,6584,Kong,"(238, 1927, 809, 2498)"
1028,6585,Kong,"(202, 1737, 868, 2332)"
1029,6591,DentalStar,"(0, 1558, 1049, 2212)"
1030,6592,DentalStar,"(0, 1495, 872, 2160)"
1031,6642,ChallengerBall,"(3081, 2998, 4901, 3648)"
1032,6643,ChallengerBall,"(3200, 2534, 5187, 3648)"
1033,6647,ChallengerBall,"(2308, 1023, 3648, 3306)"
1034,6648,ChallengerBall,"(2094, 1062, 3648, 3378)"
1035,6649,ChallengerBall,"(2339, 373, 3640, 2220)"
1036,6650,ChallengerBall,"(2022, 127, 3648, 2061)"
1037,6651,ChallengerBall,"(1975, 832, 3648, 2775)"
1038,6652,ChallengerBall,"(2284, 610, 3648, 2561)"
1039,6653,ChallengerBall,"(2125, 0, 3648, 1752)"
1040,6654,ChallengerBall,"(2506, 8, 3648, 1229)"
1041,6695,Kong,"(4693, 3250, 5171, 3648)"
1042,6696,Kong,"(4839, 3385, 5275, 3648)"
1043,6697,Kong,"(4922, 3427, 5285, 3648)"
